idCliente;clienteNome;clienteContato;clienteCidade;idPais
41;Elle Fashion & Design;Louise Davu;Toulouse;FRA
41;Elle Fashion & Design;Louise Davu;Toulouse;FRA
41;Elle Fashion & Design;Louise Davu;Toulouse;FRA
41;Elle Fashion & Design;Louise Davu;Toulouse;FRA
41;Elle Fashion & Design;Louise Davu;Toulouse;FRA
41;Elle Fashion & Design;Louise Davu;Toulouse;FRA
41;Elle Fashion & Design;Louise Davu;Toulouse;FRA
41;Elle Fashion & Design;Louise Davu;Toulouse;FRA
41;Elle Fashion & Design;Louise Davu;Toulouse;FRA
41;Elle Fashion & Design;Louise Davu;Toulouse;FRA
41;Elle Fashion & Design;Louise Davu;Toulouse;FRA
41;Elle Fashion & Design;Louise Davu;Toulouse;FRA
41;Elle Fashion & Design;Louise Davu;Toulouse;FRA
41;Elle Fashion & Design;Louise Davu;Toulouse;FRA
41;Elle Fashion & Design;Louise Davu;Toulouse;FRA
41;Elle Fashion & Design;Louise Davu;Toulouse;FRA
84;Art et Fashion;Pierre Robert;Lyon;FRA
84;Art et Fashion;Pierre Robert;Lyon;FRA
84;Art et Fashion;Pierre Robert;Lyon;FRA
84;Art et Fashion;Pierre Robert;Lyon;FRA
84;Art et Fashion;Pierre Robert;Lyon;FRA
84;Art et Fashion;Pierre Robert;Lyon;FRA
84;Art et Fashion;Pierre Robert;Lyon;FRA
84;Art et Fashion;Pierre Robert;Lyon;FRA
84;Art et Fashion;Pierre Robert;Lyon;FRA
84;Art et Fashion;Pierre Robert;Lyon;FRA
84;Art et Fashion;Pierre Robert;Lyon;FRA
84;Art et Fashion;Pierre Robert;Lyon;FRA
84;Art et Fashion;Pierre Robert;Lyon;FRA
84;Art et Fashion;Pierre Robert;Lyon;FRA
84;Art et Fashion;Pierre Robert;Lyon;FRA
84;Art et Fashion;Pierre Robert;Lyon;FRA
84;Art et Fashion;Pierre Robert;Lyon;FRA
84;Art et Fashion;Pierre Robert;Lyon;FRA
84;Art et Fashion;Pierre Robert;Lyon;FRA
84;Art et Fashion;Pierre Robert;Lyon;FRA
84;Art et Fashion;Pierre Robert;Lyon;FRA
84;Art et Fashion;Pierre Robert;Lyon;FRA
33;El Abrigo Mortal;Antonio Palmer Amer;Caracas;VEN
33;El Abrigo Mortal;Antonio Palmer Amer;Caracas;VEN
33;El Abrigo Mortal;Antonio Palmer Amer;Caracas;VEN
33;El Abrigo Mortal;Antonio Palmer Amer;Caracas;VEN
33;El Abrigo Mortal;Antonio Palmer Amer;Caracas;VEN
33;El Abrigo Mortal;Antonio Palmer Amer;Caracas;VEN
33;El Abrigo Mortal;Antonio Palmer Amer;Caracas;VEN
37;Boleros;Robert Bolero;Cork;IRL
37;Boleros;Robert Bolero;Cork;IRL
37;Boleros;Robert Bolero;Cork;IRL
37;Boleros;Robert Bolero;Cork;IRL
37;Boleros;Robert Bolero;Cork;IRL
37;Boleros;Robert Bolero;Cork;IRL
37;Boleros;Robert Bolero;Cork;IRL
37;Boleros;Robert Bolero;Cork;IRL
37;Boleros;Robert Bolero;Cork;IRL
37;Boleros;Robert Bolero;Cork;IRL
37;Boleros;Robert Bolero;Cork;IRL
37;Boleros;Robert Bolero;Cork;IRL
37;Boleros;Robert Bolero;Cork;IRL
37;Boleros;Robert Bolero;Cork;IRL
37;Boleros;Robert Bolero;Cork;IRL
37;Boleros;Robert Bolero;Cork;IRL
37;Boleros;Robert Bolero;Cork;IRL
37;Boleros;Robert Bolero;Cork;IRL
37;Boleros;Robert Bolero;Cork;IRL
37;Boleros;Robert Bolero;Cork;IRL
37;Boleros;Robert Bolero;Cork;IRL
37;Boleros;Robert Bolero;Cork;IRL
37;Boleros;Robert Bolero;Cork;IRL
37;Boleros;Robert Bolero;Cork;IRL
37;Boleros;Robert Bolero;Cork;IRL
37;Boleros;Robert Bolero;Cork;IRL
37;Boleros;Robert Bolero;Cork;IRL
37;Boleros;Robert Bolero;Cork;IRL
37;Boleros;Robert Bolero;Cork;IRL
37;Boleros;Robert Bolero;Cork;IRL
37;Boleros;Robert Bolero;Cork;IRL
37;Boleros;Robert Bolero;Cork;IRL
37;Boleros;Robert Bolero;Cork;IRL
37;Boleros;Robert Bolero;Cork;IRL
37;Boleros;Robert Bolero;Cork;IRL
37;Boleros;Robert Bolero;Cork;IRL
37;Boleros;Robert Bolero;Cork;IRL
37;Boleros;Robert Bolero;Cork;IRL
37;Boleros;Robert Bolero;Cork;IRL
37;Boleros;Robert Bolero;Cork;IRL
37;Boleros;Robert Bolero;Cork;IRL
37;Boleros;Robert Bolero;Cork;IRL
37;Boleros;Robert Bolero;Cork;IRL
37;Boleros;Robert Bolero;Cork;IRL
37;Boleros;Robert Bolero;Cork;IRL
37;Boleros;Robert Bolero;Cork;IRL
37;Boleros;Robert Bolero;Cork;IRL
37;Boleros;Robert Bolero;Cork;IRL
37;Boleros;Robert Bolero;Cork;IRL
37;Boleros;Robert Bolero;Cork;IRL
37;Boleros;Robert Bolero;Cork;IRL
37;Boleros;Robert Bolero;Cork;IRL
37;Boleros;Robert Bolero;Cork;IRL
37;Boleros;Robert Bolero;Cork;IRL
37;Boleros;Robert Bolero;Cork;IRL
37;Boleros;Robert Bolero;Cork;IRL
37;Boleros;Robert Bolero;Cork;IRL
37;Boleros;Robert Bolero;Cork;IRL
37;Boleros;Robert Bolero;Cork;IRL
37;Boleros;Robert Bolero;Cork;IRL
37;Boleros;Robert Bolero;Cork;IRL
37;Boleros;Robert Bolero;Cork;IRL
37;Boleros;Robert Bolero;Cork;IRL
37;Boleros;Robert Bolero;Cork;IRL
37;Boleros;Robert Bolero;Cork;IRL
37;Boleros;Robert Bolero;Cork;IRL
37;Boleros;Robert Bolero;Cork;IRL
37;Boleros;Robert Bolero;Cork;IRL
37;Boleros;Robert Bolero;Cork;IRL
37;Boleros;Robert Bolero;Cork;IRL
37;Boleros;Robert Bolero;Cork;IRL
37;Boleros;Robert Bolero;Cork;IRL
37;Boleros;Robert Bolero;Cork;IRL
37;Boleros;Robert Bolero;Cork;IRL
37;Boleros;Robert Bolero;Cork;IRL
37;Boleros;Robert Bolero;Cork;IRL
37;Boleros;Robert Bolero;Cork;IRL
37;Boleros;Robert Bolero;Cork;IRL
37;Boleros;Robert Bolero;Cork;IRL
37;Boleros;Robert Bolero;Cork;IRL
37;Boleros;Robert Bolero;Cork;IRL
37;Boleros;Robert Bolero;Cork;IRL
37;Boleros;Robert Bolero;Cork;IRL
37;Boleros;Robert Bolero;Cork;IRL
37;Boleros;Robert Bolero;Cork;IRL
37;Boleros;Robert Bolero;Cork;IRL
37;Boleros;Robert Bolero;Cork;IRL
37;Boleros;Robert Bolero;Cork;IRL
37;Boleros;Robert Bolero;Cork;IRL
37;Boleros;Robert Bolero;Cork;IRL
37;Boleros;Robert Bolero;Cork;IRL
37;Boleros;Robert Bolero;Cork;IRL
37;Boleros;Robert Bolero;Cork;IRL
37;Boleros;Robert Bolero;Cork;IRL
37;Boleros;Robert Bolero;Cork;IRL
37;Boleros;Robert Bolero;Cork;IRL
37;Boleros;Robert Bolero;Cork;IRL
37;Boleros;Robert Bolero;Cork;IRL
37;Boleros;Robert Bolero;Cork;IRL
37;Boleros;Robert Bolero;Cork;IRL
37;Boleros;Robert Bolero;Cork;IRL
37;Boleros;Robert Bolero;Cork;IRL
37;Boleros;Robert Bolero;Cork;IRL
37;Boleros;Robert Bolero;Cork;IRL
37;Boleros;Robert Bolero;Cork;IRL
37;Boleros;Robert Bolero;Cork;IRL
37;Boleros;Robert Bolero;Cork;IRL
37;Boleros;Robert Bolero;Cork;IRL
37;Boleros;Robert Bolero;Cork;IRL
37;Boleros;Robert Bolero;Cork;IRL
37;Boleros;Robert Bolero;Cork;IRL
37;Boleros;Robert Bolero;Cork;IRL
37;Boleros;Robert Bolero;Cork;IRL
37;Boleros;Robert Bolero;Cork;IRL
37;Boleros;Robert Bolero;Cork;IRL
37;Boleros;Robert Bolero;Cork;IRL
37;Boleros;Robert Bolero;Cork;IRL
37;Boleros;Robert Bolero;Cork;IRL
37;Boleros;Robert Bolero;Cork;IRL
37;Boleros;Robert Bolero;Cork;IRL
37;Boleros;Robert Bolero;Cork;IRL
37;Boleros;Robert Bolero;Cork;IRL
37;Boleros;Robert Bolero;Cork;IRL
37;Boleros;Robert Bolero;Cork;IRL
37;Boleros;Robert Bolero;Cork;IRL
37;Boleros;Robert Bolero;Cork;IRL
37;Boleros;Robert Bolero;Cork;IRL
37;Boleros;Robert Bolero;Cork;IRL
37;Boleros;Robert Bolero;Cork;IRL
37;Boleros;Robert Bolero;Cork;IRL
37;Boleros;Robert Bolero;Cork;IRL
37;Boleros;Robert Bolero;Cork;IRL
37;Boleros;Robert Bolero;Cork;IRL
37;Boleros;Robert Bolero;Cork;IRL
37;Boleros;Robert Bolero;Cork;IRL
37;Boleros;Robert Bolero;Cork;IRL
37;Boleros;Robert Bolero;Cork;IRL
37;Boleros;Robert Bolero;Cork;IRL
37;Boleros;Robert Bolero;Cork;IRL
37;Boleros;Robert Bolero;Cork;IRL
43;For The Dark Night;Klaus Tarantino;Walla Walla;USA
9;La Legion Mercenaire;Bernard de Gaule;Marseille;FRA
9;La Legion Mercenaire;Bernard de Gaule;Marseille;FRA
9;La Legion Mercenaire;Bernard de Gaule;Marseille;FRA
9;La Legion Mercenaire;Bernard de Gaule;Marseille;FRA
9;La Legion Mercenaire;Bernard de Gaule;Marseille;FRA
9;La Legion Mercenaire;Bernard de Gaule;Marseille;FRA
9;La Legion Mercenaire;Bernard de Gaule;Marseille;FRA
9;La Legion Mercenaire;Bernard de Gaule;Marseille;FRA
10;Big Foot Shoes;James Hendersson;Tsawassen;CAN
10;Big Foot Shoes;James Hendersson;Tsawassen;CAN
10;Big Foot Shoes;James Hendersson;Tsawassen;CAN
10;Big Foot Shoes;James Hendersson;Tsawassen;CAN
10;Big Foot Shoes;James Hendersson;Tsawassen;CAN
10;Big Foot Shoes;James Hendersson;Tsawassen;CAN
10;Big Foot Shoes;James Hendersson;Tsawassen;CAN
10;Big Foot Shoes;James Hendersson;Tsawassen;CAN
10;Big Foot Shoes;James Hendersson;Tsawassen;CAN
10;Big Foot Shoes;James Hendersson;Tsawassen;CAN
10;Big Foot Shoes;James Hendersson;Tsawassen;CAN
10;Big Foot Shoes;James Hendersson;Tsawassen;CAN
10;Big Foot Shoes;James Hendersson;Tsawassen;CAN
10;Big Foot Shoes;James Hendersson;Tsawassen;CAN
7;Menàge à Trois;Julie Binoché;Strasbourg;FRA
7;Menàge à Trois;Julie Binoché;Strasbourg;FRA
7;Menàge à Trois;Julie Binoché;Strasbourg;FRA
7;Menàge à Trois;Julie Binoché;Strasbourg;FRA
7;Menàge à Trois;Julie Binoché;Strasbourg;FRA
7;Menàge à Trois;Julie Binoché;Strasbourg;FRA
7;Menàge à Trois;Julie Binoché;Strasbourg;FRA
7;Menàge à Trois;Julie Binoché;Strasbourg;FRA
7;Menàge à Trois;Julie Binoché;Strasbourg;FRA
7;Menàge à Trois;Julie Binoché;Strasbourg;FRA
7;Menàge à Trois;Julie Binoché;Strasbourg;FRA
7;Menàge à Trois;Julie Binoché;Strasbourg;FRA
7;Menàge à Trois;Julie Binoché;Strasbourg;FRA
7;Menàge à Trois;Julie Binoché;Strasbourg;FRA
7;Menàge à Trois;Julie Binoché;Strasbourg;FRA
7;Menàge à Trois;Julie Binoché;Strasbourg;FRA
7;Menàge à Trois;Julie Binoché;Strasbourg;FRA
7;Menàge à Trois;Julie Binoché;Strasbourg;FRA
7;Menàge à Trois;Julie Binoché;Strasbourg;FRA
7;Menàge à Trois;Julie Binoché;Strasbourg;FRA
7;Menàge à Trois;Julie Binoché;Strasbourg;FRA
7;Menàge à Trois;Julie Binoché;Strasbourg;FRA
7;Menàge à Trois;Julie Binoché;Strasbourg;FRA
7;Menàge à Trois;Julie Binoché;Strasbourg;FRA
7;Menàge à Trois;Julie Binoché;Strasbourg;FRA
7;Menàge à Trois;Julie Binoché;Strasbourg;FRA
74;Chateau de Ville;André Millard;Paris;FRA
74;Chateau de Ville;André Millard;Paris;FRA
74;Chateau de Ville;André Millard;Paris;FRA
74;Chateau de Ville;André Millard;Paris;FRA
74;Chateau de Ville;André Millard;Paris;FRA
19;Th Fashing;Greg Thatcher;London;GBR
19;Th Fashing;Greg Thatcher;London;GBR
19;Th Fashing;Greg Thatcher;London;GBR
19;Th Fashing;Greg Thatcher;London;GBR
19;Th Fashing;Greg Thatcher;London;GBR
19;Th Fashing;Greg Thatcher;London;GBR
19;Th Fashing;Greg Thatcher;London;GBR
19;Th Fashing;Greg Thatcher;London;GBR
19;Th Fashing;Greg Thatcher;London;GBR
19;Th Fashing;Greg Thatcher;London;GBR
19;Th Fashing;Greg Thatcher;London;GBR
19;Th Fashing;Greg Thatcher;London;GBR
19;Th Fashing;Greg Thatcher;London;GBR
19;Th Fashing;Greg Thatcher;London;GBR
19;Th Fashing;Greg Thatcher;London;GBR
19;Th Fashing;Greg Thatcher;London;GBR
19;Th Fashing;Greg Thatcher;London;GBR
19;Th Fashing;Greg Thatcher;London;GBR
19;Th Fashing;Greg Thatcher;London;GBR
19;Th Fashing;Greg Thatcher;London;GBR
19;Th Fashing;Greg Thatcher;London;GBR
19;Th Fashing;Greg Thatcher;London;GBR
19;Th Fashing;Greg Thatcher;London;GBR
19;Th Fashing;Greg Thatcher;London;GBR
19;Th Fashing;Greg Thatcher;London;GBR
19;Th Fashing;Greg Thatcher;London;GBR
19;Th Fashing;Greg Thatcher;London;GBR
19;Th Fashing;Greg Thatcher;London;GBR
19;Th Fashing;Greg Thatcher;London;GBR
19;Th Fashing;Greg Thatcher;London;GBR
19;Th Fashing;Greg Thatcher;London;GBR
19;Th Fashing;Greg Thatcher;London;GBR
19;Th Fashing;Greg Thatcher;London;GBR
19;Th Fashing;Greg Thatcher;London;GBR
19;Th Fashing;Greg Thatcher;London;GBR
19;Th Fashing;Greg Thatcher;London;GBR
19;Th Fashing;Greg Thatcher;London;GBR
19;Th Fashing;Greg Thatcher;London;GBR
19;Th Fashing;Greg Thatcher;London;GBR
19;Th Fashing;Greg Thatcher;London;GBR
19;Th Fashing;Greg Thatcher;London;GBR
19;Th Fashing;Greg Thatcher;London;GBR
19;Th Fashing;Greg Thatcher;London;GBR
19;Th Fashing;Greg Thatcher;London;GBR
19;Th Fashing;Greg Thatcher;London;GBR
19;Th Fashing;Greg Thatcher;London;GBR
19;Th Fashing;Greg Thatcher;London;GBR
19;Th Fashing;Greg Thatcher;London;GBR
19;Th Fashing;Greg Thatcher;London;GBR
19;Th Fashing;Greg Thatcher;London;GBR
19;Th Fashing;Greg Thatcher;London;GBR
19;Th Fashing;Greg Thatcher;London;GBR
19;Th Fashing;Greg Thatcher;London;GBR
19;Th Fashing;Greg Thatcher;London;GBR
19;Th Fashing;Greg Thatcher;London;GBR
19;Th Fashing;Greg Thatcher;London;GBR
19;Th Fashing;Greg Thatcher;London;GBR
19;Th Fashing;Greg Thatcher;London;GBR
19;Th Fashing;Greg Thatcher;London;GBR
19;Th Fashing;Greg Thatcher;London;GBR
19;Th Fashing;Greg Thatcher;London;GBR
19;Th Fashing;Greg Thatcher;London;GBR
19;Th Fashing;Greg Thatcher;London;GBR
19;Th Fashing;Greg Thatcher;London;GBR
19;Th Fashing;Greg Thatcher;London;GBR
19;Th Fashing;Greg Thatcher;London;GBR
19;Th Fashing;Greg Thatcher;London;GBR
19;Th Fashing;Greg Thatcher;London;GBR
19;Th Fashing;Greg Thatcher;London;GBR
19;Th Fashing;Greg Thatcher;London;GBR
19;Th Fashing;Greg Thatcher;London;GBR
19;Th Fashing;Greg Thatcher;London;GBR
19;Th Fashing;Greg Thatcher;London;GBR
19;Th Fashing;Greg Thatcher;London;GBR
19;Th Fashing;Greg Thatcher;London;GBR
19;Th Fashing;Greg Thatcher;London;GBR
19;Th Fashing;Greg Thatcher;London;GBR
19;Th Fashing;Greg Thatcher;London;GBR
19;Th Fashing;Greg Thatcher;London;GBR
19;Th Fashing;Greg Thatcher;London;GBR
19;Th Fashing;Greg Thatcher;London;GBR
19;Th Fashing;Greg Thatcher;London;GBR
19;Th Fashing;Greg Thatcher;London;GBR
19;Th Fashing;Greg Thatcher;London;GBR
19;Th Fashing;Greg Thatcher;London;GBR
19;Th Fashing;Greg Thatcher;London;GBR
19;Th Fashing;Greg Thatcher;London;GBR
19;Th Fashing;Greg Thatcher;London;GBR
19;Th Fashing;Greg Thatcher;London;GBR
19;Th Fashing;Greg Thatcher;London;GBR
19;Th Fashing;Greg Thatcher;London;GBR
19;Th Fashing;Greg Thatcher;London;GBR
19;Th Fashing;Greg Thatcher;London;GBR
19;Th Fashing;Greg Thatcher;London;GBR
19;Th Fashing;Greg Thatcher;London;GBR
19;Th Fashing;Greg Thatcher;London;GBR
19;Th Fashing;Greg Thatcher;London;GBR
19;Th Fashing;Greg Thatcher;London;GBR
19;Th Fashing;Greg Thatcher;London;GBR
19;Th Fashing;Greg Thatcher;London;GBR
19;Th Fashing;Greg Thatcher;London;GBR
19;Th Fashing;Greg Thatcher;London;GBR
19;Th Fashing;Greg Thatcher;London;GBR
19;Th Fashing;Greg Thatcher;London;GBR
19;Th Fashing;Greg Thatcher;London;GBR
19;Th Fashing;Greg Thatcher;London;GBR
19;Th Fashing;Greg Thatcher;London;GBR
19;Th Fashing;Greg Thatcher;London;GBR
19;Th Fashing;Greg Thatcher;London;GBR
19;Th Fashing;Greg Thatcher;London;GBR
19;Th Fashing;Greg Thatcher;London;GBR
19;Th Fashing;Greg Thatcher;London;GBR
19;Th Fashing;Greg Thatcher;London;GBR
19;Th Fashing;Greg Thatcher;London;GBR
19;Th Fashing;Greg Thatcher;London;GBR
19;Th Fashing;Greg Thatcher;London;GBR
19;Th Fashing;Greg Thatcher;London;GBR
19;Th Fashing;Greg Thatcher;London;GBR
19;Th Fashing;Greg Thatcher;London;GBR
19;Th Fashing;Greg Thatcher;London;GBR
19;Th Fashing;Greg Thatcher;London;GBR
19;Th Fashing;Greg Thatcher;London;GBR
19;Th Fashing;Greg Thatcher;London;GBR
19;Th Fashing;Greg Thatcher;London;GBR
19;Th Fashing;Greg Thatcher;London;GBR
51;Davenport Fashion;James Belucci;Montréal;CAN
51;Davenport Fashion;James Belucci;Montréal;CAN
51;Davenport Fashion;James Belucci;Montréal;CAN
51;Davenport Fashion;James Belucci;Montréal;CAN
51;Davenport Fashion;James Belucci;Montréal;CAN
51;Davenport Fashion;James Belucci;Montréal;CAN
51;Davenport Fashion;James Belucci;Montréal;CAN
51;Davenport Fashion;James Belucci;Montréal;CAN
51;Davenport Fashion;James Belucci;Montréal;CAN
51;Davenport Fashion;James Belucci;Montréal;CAN
51;Davenport Fashion;James Belucci;Montréal;CAN
51;Davenport Fashion;James Belucci;Montréal;CAN
51;Davenport Fashion;James Belucci;Montréal;CAN
51;Davenport Fashion;James Belucci;Montréal;CAN
51;Davenport Fashion;James Belucci;Montréal;CAN
51;Davenport Fashion;James Belucci;Montréal;CAN
51;Davenport Fashion;James Belucci;Montréal;CAN
51;Davenport Fashion;James Belucci;Montréal;CAN
51;Davenport Fashion;James Belucci;Montréal;CAN
51;Davenport Fashion;James Belucci;Montréal;CAN
51;Davenport Fashion;James Belucci;Montréal;CAN
51;Davenport Fashion;James Belucci;Montréal;CAN
51;Davenport Fashion;James Belucci;Montréal;CAN
51;Davenport Fashion;James Belucci;Montréal;CAN
51;Davenport Fashion;James Belucci;Montréal;CAN
51;Davenport Fashion;James Belucci;Montréal;CAN
51;Davenport Fashion;James Belucci;Montréal;CAN
51;Davenport Fashion;James Belucci;Montréal;CAN
51;Davenport Fashion;James Belucci;Montréal;CAN
51;Davenport Fashion;James Belucci;Montréal;CAN
51;Davenport Fashion;James Belucci;Montréal;CAN
51;Davenport Fashion;James Belucci;Montréal;CAN
26;Le Sais de Rión;Jeanne d´Anjou;Nantes;FRA
26;Le Sais de Rión;Jeanne d´Anjou;Nantes;FRA
26;Le Sais de Rión;Jeanne d´Anjou;Nantes;FRA
26;Le Sais de Rión;Jeanne d´Anjou;Nantes;FRA
26;Le Sais de Rión;Jeanne d´Anjou;Nantes;FRA
26;Le Sais de Rión;Jeanne d´Anjou;Nantes;FRA
78;TTT-The Ticky Tie;Mary Stone;Butte;USA
85;Pour l´homme;Henry Renault;Reims;FRA
85;Pour l´homme;Henry Renault;Reims;FRA
40;La Boheme;Philippe de Laval;Versailles;FRA
40;La Boheme;Philippe de Laval;Versailles;FRA
40;La Boheme;Philippe de Laval;Versailles;FRA
40;La Boheme;Philippe de Laval;Versailles;FRA
40;La Boheme;Philippe de Laval;Versailles;FRA
40;La Boheme;Philippe de Laval;Versailles;FRA
40;La Boheme;Philippe de Laval;Versailles;FRA
40;La Boheme;Philippe de Laval;Versailles;FRA
40;La Boheme;Philippe de Laval;Versailles;FRA
40;La Boheme;Philippe de Laval;Versailles;FRA
40;La Boheme;Philippe de Laval;Versailles;FRA
18;Aujourd´hui;Pierre Chardin;Nantes;FRA
18;Aujourd´hui;Pierre Chardin;Nantes;FRA
18;Aujourd´hui;Pierre Chardin;Nantes;FRA
18;Aujourd´hui;Pierre Chardin;Nantes;FRA
18;Aujourd´hui;Pierre Chardin;Nantes;FRA
18;Aujourd´hui;Pierre Chardin;Nantes;FRA
18;Aujourd´hui;Pierre Chardin;Nantes;FRA
18;Aujourd´hui;Pierre Chardin;Nantes;FRA
18;Aujourd´hui;Pierre Chardin;Nantes;FRA
45;Bobby Socks;Vincent Vega;San Francisco;USA
45;Bobby Socks;Vincent Vega;San Francisco;USA
45;Bobby Socks;Vincent Vega;San Francisco;USA
45;Bobby Socks;Vincent Vega;San Francisco;USA
45;Bobby Socks;Vincent Vega;San Francisco;USA
48;Too Hot 4U;Andrea Pamelsson;Portland;USA
48;Too Hot 4U;Andrea Pamelsson;Portland;USA
48;Too Hot 4U;Andrea Pamelsson;Portland;USA
48;Too Hot 4U;Andrea Pamelsson;Portland;USA
48;Too Hot 4U;Andrea Pamelsson;Portland;USA
48;Too Hot 4U;Andrea Pamelsson;Portland;USA
48;Too Hot 4U;Andrea Pamelsson;Portland;USA
48;Too Hot 4U;Andrea Pamelsson;Portland;USA
48;Too Hot 4U;Andrea Pamelsson;Portland;USA
48;Too Hot 4U;Andrea Pamelsson;Portland;USA
48;Too Hot 4U;Andrea Pamelsson;Portland;USA
48;Too Hot 4U;Andrea Pamelsson;Portland;USA
48;Too Hot 4U;Andrea Pamelsson;Portland;USA
77;Eye Fashion;Charles Oakley;Portland;USA
72;Fast Sunglasses;Ray Banned;London;GBR
72;Fast Sunglasses;Ray Banned;London;GBR
72;Fast Sunglasses;Ray Banned;London;GBR
4;Dr Jims Trousers;Carl Montgomery;London;GBR
4;Dr Jims Trousers;Carl Montgomery;London;GBR
4;Dr Jims Trousers;Carl Montgomery;London;GBR
4;Dr Jims Trousers;Carl Montgomery;London;GBR
4;Dr Jims Trousers;Carl Montgomery;London;GBR
4;Dr Jims Trousers;Carl Montgomery;London;GBR
4;Dr Jims Trousers;Carl Montgomery;London;GBR
4;Dr Jims Trousers;Carl Montgomery;London;GBR
23;Champes;Jaques Wilneuve;Lille;FRA
23;Champes;Jaques Wilneuve;Lille;FRA
23;Champes;Jaques Wilneuve;Lille;FRA
23;Champes;Jaques Wilneuve;Lille;FRA
23;Champes;Jaques Wilneuve;Lille;FRA
23;Champes;Jaques Wilneuve;Lille;FRA
23;Champes;Jaques Wilneuve;Lille;FRA
23;Champes;Jaques Wilneuve;Lille;FRA
23;Champes;Jaques Wilneuve;Lille;FRA
23;Champes;Jaques Wilneuve;Lille;FRA
23;Champes;Jaques Wilneuve;Lille;FRA
23;Champes;Jaques Wilneuve;Lille;FRA
23;Champes;Jaques Wilneuve;Lille;FRA
23;Champes;Jaques Wilneuve;Lille;FRA
23;Champes;Jaques Wilneuve;Lille;FRA
23;Champes;Jaques Wilneuve;Lille;FRA
23;Champes;Jaques Wilneuve;Lille;FRA
23;Champes;Jaques Wilneuve;Lille;FRA
23;Champes;Jaques Wilneuve;Lille;FRA
23;Champes;Jaques Wilneuve;Lille;FRA
23;Champes;Jaques Wilneuve;Lille;FRA
23;Champes;Jaques Wilneuve;Lille;FRA
23;Champes;Jaques Wilneuve;Lille;FRA
23;Champes;Jaques Wilneuve;Lille;FRA
23;Champes;Jaques Wilneuve;Lille;FRA
23;Champes;Jaques Wilneuve;Lille;FRA
23;Champes;Jaques Wilneuve;Lille;FRA
23;Champes;Jaques Wilneuve;Lille;FRA
23;Champes;Jaques Wilneuve;Lille;FRA
23;Champes;Jaques Wilneuve;Lille;FRA
23;Champes;Jaques Wilneuve;Lille;FRA
23;Champes;Jaques Wilneuve;Lille;FRA
23;Champes;Jaques Wilneuve;Lille;FRA
23;Champes;Jaques Wilneuve;Lille;FRA
23;Champes;Jaques Wilneuve;Lille;FRA
23;Champes;Jaques Wilneuve;Lille;FRA
23;Champes;Jaques Wilneuve;Lille;FRA
23;Champes;Jaques Wilneuve;Lille;FRA
23;Champes;Jaques Wilneuve;Lille;FRA
23;Champes;Jaques Wilneuve;Lille;FRA
23;Champes;Jaques Wilneuve;Lille;FRA
23;Champes;Jaques Wilneuve;Lille;FRA
23;Champes;Jaques Wilneuve;Lille;FRA
23;Champes;Jaques Wilneuve;Lille;FRA
23;Champes;Jaques Wilneuve;Lille;FRA
23;Champes;Jaques Wilneuve;Lille;FRA
23;Champes;Jaques Wilneuve;Lille;FRA
23;Champes;Jaques Wilneuve;Lille;FRA
23;Champes;Jaques Wilneuve;Lille;FRA
23;Champes;Jaques Wilneuve;Lille;FRA
23;Champes;Jaques Wilneuve;Lille;FRA
23;Champes;Jaques Wilneuve;Lille;FRA
23;Champes;Jaques Wilneuve;Lille;FRA
23;Champes;Jaques Wilneuve;Lille;FRA
23;Champes;Jaques Wilneuve;Lille;FRA
23;Champes;Jaques Wilneuve;Lille;FRA
23;Champes;Jaques Wilneuve;Lille;FRA
23;Champes;Jaques Wilneuve;Lille;FRA
23;Champes;Jaques Wilneuve;Lille;FRA
23;Champes;Jaques Wilneuve;Lille;FRA
23;Champes;Jaques Wilneuve;Lille;FRA
23;Champes;Jaques Wilneuve;Lille;FRA
23;Champes;Jaques Wilneuve;Lille;FRA
23;Champes;Jaques Wilneuve;Lille;FRA
23;Champes;Jaques Wilneuve;Lille;FRA
23;Champes;Jaques Wilneuve;Lille;FRA
23;Champes;Jaques Wilneuve;Lille;FRA
23;Champes;Jaques Wilneuve;Lille;FRA
23;Champes;Jaques Wilneuve;Lille;FRA
23;Champes;Jaques Wilneuve;Lille;FRA
23;Champes;Jaques Wilneuve;Lille;FRA
23;Champes;Jaques Wilneuve;Lille;FRA
71;Sunny Ski Store;Perry Farell;Boise;USA
71;Sunny Ski Store;Perry Farell;Boise;USA
71;Sunny Ski Store;Perry Farell;Boise;USA
71;Sunny Ski Store;Perry Farell;Boise;USA
89;Nirvana Stores;Alice Chain;Seattle;USA
89;Nirvana Stores;Alice Chain;Seattle;USA
89;Nirvana Stores;Alice Chain;Seattle;USA
89;Nirvana Stores;Alice Chain;Seattle;USA
89;Nirvana Stores;Alice Chain;Seattle;USA
89;Nirvana Stores;Alice Chain;Seattle;USA
89;Nirvana Stores;Alice Chain;Seattle;USA
89;Nirvana Stores;Alice Chain;Seattle;USA
89;Nirvana Stores;Alice Chain;Seattle;USA
89;Nirvana Stores;Alice Chain;Seattle;USA
89;Nirvana Stores;Alice Chain;Seattle;USA
89;Nirvana Stores;Alice Chain;Seattle;USA
89;Nirvana Stores;Alice Chain;Seattle;USA
89;Nirvana Stores;Alice Chain;Seattle;USA
89;Nirvana Stores;Alice Chain;Seattle;USA
89;Nirvana Stores;Alice Chain;Seattle;USA
89;Nirvana Stores;Alice Chain;Seattle;USA
89;Nirvana Stores;Alice Chain;Seattle;USA
89;Nirvana Stores;Alice Chain;Seattle;USA
89;Nirvana Stores;Alice Chain;Seattle;USA
89;Nirvana Stores;Alice Chain;Seattle;USA
89;Nirvana Stores;Alice Chain;Seattle;USA
89;Nirvana Stores;Alice Chain;Seattle;USA
89;Nirvana Stores;Alice Chain;Seattle;USA
89;Nirvana Stores;Alice Chain;Seattle;USA
89;Nirvana Stores;Alice Chain;Seattle;USA
89;Nirvana Stores;Alice Chain;Seattle;USA
89;Nirvana Stores;Alice Chain;Seattle;USA
89;Nirvana Stores;Alice Chain;Seattle;USA
89;Nirvana Stores;Alice Chain;Seattle;USA
89;Nirvana Stores;Alice Chain;Seattle;USA
89;Nirvana Stores;Alice Chain;Seattle;USA
89;Nirvana Stores;Alice Chain;Seattle;USA
89;Nirvana Stores;Alice Chain;Seattle;USA
89;Nirvana Stores;Alice Chain;Seattle;USA
89;Nirvana Stores;Alice Chain;Seattle;USA
89;Nirvana Stores;Alice Chain;Seattle;USA
89;Nirvana Stores;Alice Chain;Seattle;USA
89;Nirvana Stores;Alice Chain;Seattle;USA
89;Nirvana Stores;Alice Chain;Seattle;USA
82;Bond Ltd;Mark Stark;Kirkland;USA
82;Bond Ltd;Mark Stark;Kirkland;USA
82;Bond Ltd;Mark Stark;Kirkland;USA
82;Bond Ltd;Mark Stark;Kirkland;USA
82;Bond Ltd;Mark Stark;Kirkland;USA
82;Bond Ltd;Mark Stark;Kirkland;USA
82;Bond Ltd;Mark Stark;Kirkland;USA
82;Bond Ltd;Mark Stark;Kirkland;USA
82;Bond Ltd;Mark Stark;Kirkland;USA
82;Bond Ltd;Mark Stark;Kirkland;USA
82;Bond Ltd;Mark Stark;Kirkland;USA
82;Bond Ltd;Mark Stark;Kirkland;USA
82;Bond Ltd;Mark Stark;Kirkland;USA
82;Bond Ltd;Mark Stark;Kirkland;USA
82;Bond Ltd;Mark Stark;Kirkland;USA
82;Bond Ltd;Mark Stark;Kirkland;USA
82;Bond Ltd;Mark Stark;Kirkland;USA
82;Bond Ltd;Mark Stark;Kirkland;USA
82;Bond Ltd;Mark Stark;Kirkland;USA
82;Bond Ltd;Mark Stark;Kirkland;USA
82;Bond Ltd;Mark Stark;Kirkland;USA
82;Bond Ltd;Mark Stark;Kirkland;USA
82;Bond Ltd;Mark Stark;Kirkland;USA
82;Bond Ltd;Mark Stark;Kirkland;USA
82;Bond Ltd;Mark Stark;Kirkland;USA
82;Bond Ltd;Mark Stark;Kirkland;USA
82;Bond Ltd;Mark Stark;Kirkland;USA
82;Bond Ltd;Mark Stark;Kirkland;USA
82;Bond Ltd;Mark Stark;Kirkland;USA
82;Bond Ltd;Mark Stark;Kirkland;USA
82;Bond Ltd;Mark Stark;Kirkland;USA
82;Bond Ltd;Mark Stark;Kirkland;USA
82;Bond Ltd;Mark Stark;Kirkland;USA
82;Bond Ltd;Mark Stark;Kirkland;USA
82;Bond Ltd;Mark Stark;Kirkland;USA
82;Bond Ltd;Mark Stark;Kirkland;USA
82;Bond Ltd;Mark Stark;Kirkland;USA
82;Bond Ltd;Mark Stark;Kirkland;USA
82;Bond Ltd;Mark Stark;Kirkland;USA
82;Bond Ltd;Mark Stark;Kirkland;USA
82;Bond Ltd;Mark Stark;Kirkland;USA
82;Bond Ltd;Mark Stark;Kirkland;USA
82;Bond Ltd;Mark Stark;Kirkland;USA
82;Bond Ltd;Mark Stark;Kirkland;USA
82;Bond Ltd;Mark Stark;Kirkland;USA
82;Bond Ltd;Mark Stark;Kirkland;USA
82;Bond Ltd;Mark Stark;Kirkland;USA
82;Bond Ltd;Mark Stark;Kirkland;USA
82;Bond Ltd;Mark Stark;Kirkland;USA
82;Bond Ltd;Mark Stark;Kirkland;USA
82;Bond Ltd;Mark Stark;Kirkland;USA
82;Bond Ltd;Mark Stark;Kirkland;USA
82;Bond Ltd;Mark Stark;Kirkland;USA
82;Bond Ltd;Mark Stark;Kirkland;USA
82;Bond Ltd;Mark Stark;Kirkland;USA
82;Bond Ltd;Mark Stark;Kirkland;USA
82;Bond Ltd;Mark Stark;Kirkland;USA
42;Millenium;Joe Barry;Vancouver;CAN
42;Millenium;Joe Barry;Vancouver;CAN
42;Millenium;Joe Barry;Vancouver;CAN
42;Millenium;Joe Barry;Vancouver;CAN
42;Millenium;Joe Barry;Vancouver;CAN
42;Millenium;Joe Barry;Vancouver;CAN
42;Millenium;Joe Barry;Vancouver;CAN
42;Millenium;Joe Barry;Vancouver;CAN
42;Millenium;Joe Barry;Vancouver;CAN
42;Millenium;Joe Barry;Vancouver;CAN
42;Millenium;Joe Barry;Vancouver;CAN
42;Millenium;Joe Barry;Vancouver;CAN
42;Millenium;Joe Barry;Vancouver;CAN
42;Millenium;Joe Barry;Vancouver;CAN
42;Millenium;Joe Barry;Vancouver;CAN
42;Millenium;Joe Barry;Vancouver;CAN
42;Millenium;Joe Barry;Vancouver;CAN
42;Millenium;Joe Barry;Vancouver;CAN
42;Millenium;Joe Barry;Vancouver;CAN
42;Millenium;Joe Barry;Vancouver;CAN
42;Millenium;Joe Barry;Vancouver;CAN
42;Millenium;Joe Barry;Vancouver;CAN
42;Millenium;Joe Barry;Vancouver;CAN
42;Millenium;Joe Barry;Vancouver;CAN
42;Millenium;Joe Barry;Vancouver;CAN
42;Millenium;Joe Barry;Vancouver;CAN
42;Millenium;Joe Barry;Vancouver;CAN
42;Millenium;Joe Barry;Vancouver;CAN
42;Millenium;Joe Barry;Vancouver;CAN
42;Millenium;Joe Barry;Vancouver;CAN
42;Millenium;Joe Barry;Vancouver;CAN
42;Millenium;Joe Barry;Vancouver;CAN
42;Millenium;Joe Barry;Vancouver;CAN
42;Millenium;Joe Barry;Vancouver;CAN
42;Millenium;Joe Barry;Vancouver;CAN
42;Millenium;Joe Barry;Vancouver;CAN
42;Millenium;Joe Barry;Vancouver;CAN
42;Millenium;Joe Barry;Vancouver;CAN
42;Millenium;Joe Barry;Vancouver;CAN
42;Millenium;Joe Barry;Vancouver;CAN
42;Millenium;Joe Barry;Vancouver;CAN
32;The Corner Store;Ross The Boss;Eugene;USA
32;The Corner Store;Ross The Boss;Eugene;USA
32;The Corner Store;Ross The Boss;Eugene;USA
32;The Corner Store;Ross The Boss;Eugene;USA
32;The Corner Store;Ross The Boss;Eugene;USA
32;The Corner Store;Ross The Boss;Eugene;USA
32;The Corner Store;Ross The Boss;Eugene;USA
32;The Corner Store;Ross The Boss;Eugene;USA
32;The Corner Store;Ross The Boss;Eugene;USA
32;The Corner Store;Ross The Boss;Eugene;USA
32;The Corner Store;Ross The Boss;Eugene;USA
32;The Corner Store;Ross The Boss;Eugene;USA
32;The Corner Store;Ross The Boss;Eugene;USA
32;The Corner Store;Ross The Boss;Eugene;USA
32;The Corner Store;Ross The Boss;Eugene;USA
32;The Corner Store;Ross The Boss;Eugene;USA
32;The Corner Store;Ross The Boss;Eugene;USA
32;The Corner Store;Ross The Boss;Eugene;USA
32;The Corner Store;Ross The Boss;Eugene;USA
32;The Corner Store;Ross The Boss;Eugene;USA
32;The Corner Store;Ross The Boss;Eugene;USA
32;The Corner Store;Ross The Boss;Eugene;USA
32;The Corner Store;Ross The Boss;Eugene;USA
32;The Corner Store;Ross The Boss;Eugene;USA
32;The Corner Store;Ross The Boss;Eugene;USA
32;The Corner Store;Ross The Boss;Eugene;USA
32;The Corner Store;Ross The Boss;Eugene;USA
32;The Corner Store;Ross The Boss;Eugene;USA
32;The Corner Store;Ross The Boss;Eugene;USA
32;The Corner Store;Ross The Boss;Eugene;USA
32;The Corner Store;Ross The Boss;Eugene;USA
32;The Corner Store;Ross The Boss;Eugene;USA
32;The Corner Store;Ross The Boss;Eugene;USA
32;The Corner Store;Ross The Boss;Eugene;USA
32;The Corner Store;Ross The Boss;Eugene;USA
32;The Corner Store;Ross The Boss;Eugene;USA
32;The Corner Store;Ross The Boss;Eugene;USA
32;The Corner Store;Ross The Boss;Eugene;USA
32;The Corner Store;Ross The Boss;Eugene;USA
32;The Corner Store;Ross The Boss;Eugene;USA
32;The Corner Store;Ross The Boss;Eugene;USA
32;The Corner Store;Ross The Boss;Eugene;USA
32;The Corner Store;Ross The Boss;Eugene;USA
32;The Corner Store;Ross The Boss;Eugene;USA
32;The Corner Store;Ross The Boss;Eugene;USA
32;The Corner Store;Ross The Boss;Eugene;USA
32;The Corner Store;Ross The Boss;Eugene;USA
32;The Corner Store;Ross The Boss;Eugene;USA
32;The Corner Store;Ross The Boss;Eugene;USA
32;The Corner Store;Ross The Boss;Eugene;USA
32;The Corner Store;Ross The Boss;Eugene;USA
32;The Corner Store;Ross The Boss;Eugene;USA
32;The Corner Store;Ross The Boss;Eugene;USA
32;The Corner Store;Ross The Boss;Eugene;USA
32;The Corner Store;Ross The Boss;Eugene;USA
32;The Corner Store;Ross The Boss;Eugene;USA
32;The Corner Store;Ross The Boss;Eugene;USA
32;The Corner Store;Ross The Boss;Eugene;USA
32;The Corner Store;Ross The Boss;Eugene;USA
32;The Corner Store;Ross The Boss;Eugene;USA
32;The Corner Store;Ross The Boss;Eugene;USA
32;The Corner Store;Ross The Boss;Eugene;USA
32;The Corner Store;Ross The Boss;Eugene;USA
32;The Corner Store;Ross The Boss;Eugene;USA
32;The Corner Store;Ross The Boss;Eugene;USA
32;The Corner Store;Ross The Boss;Eugene;USA
32;The Corner Store;Ross The Boss;Eugene;USA
32;The Corner Store;Ross The Boss;Eugene;USA
32;The Corner Store;Ross The Boss;Eugene;USA
32;The Corner Store;Ross The Boss;Eugene;USA
32;The Corner Store;Ross The Boss;Eugene;USA
32;The Corner Store;Ross The Boss;Eugene;USA
32;The Corner Store;Ross The Boss;Eugene;USA
32;The Corner Store;Ross The Boss;Eugene;USA
32;The Corner Store;Ross The Boss;Eugene;USA
32;The Corner Store;Ross The Boss;Eugene;USA
32;The Corner Store;Ross The Boss;Eugene;USA
32;The Corner Store;Ross The Boss;Eugene;USA
32;The Corner Store;Ross The Boss;Eugene;USA
32;The Corner Store;Ross The Boss;Eugene;USA
32;The Corner Store;Ross The Boss;Eugene;USA
32;The Corner Store;Ross The Boss;Eugene;USA
32;The Corner Store;Ross The Boss;Eugene;USA
32;The Corner Store;Ross The Boss;Eugene;USA
32;The Corner Store;Ross The Boss;Eugene;USA
32;The Corner Store;Ross The Boss;Eugene;USA
32;The Corner Store;Ross The Boss;Eugene;USA
32;The Corner Store;Ross The Boss;Eugene;USA
32;The Corner Store;Ross The Boss;Eugene;USA
32;The Corner Store;Ross The Boss;Eugene;USA
32;The Corner Store;Ross The Boss;Eugene;USA
32;The Corner Store;Ross The Boss;Eugene;USA
32;The Corner Store;Ross The Boss;Eugene;USA
32;The Corner Store;Ross The Boss;Eugene;USA
32;The Corner Store;Ross The Boss;Eugene;USA
32;The Corner Store;Ross The Boss;Eugene;USA
32;The Corner Store;Ross The Boss;Eugene;USA
32;The Corner Store;Ross The Boss;Eugene;USA
32;The Corner Store;Ross The Boss;Eugene;USA
32;The Corner Store;Ross The Boss;Eugene;USA
32;The Corner Store;Ross The Boss;Eugene;USA
32;The Corner Store;Ross The Boss;Eugene;USA
32;The Corner Store;Ross The Boss;Eugene;USA
32;The Corner Store;Ross The Boss;Eugene;USA
32;The Corner Store;Ross The Boss;Eugene;USA
32;The Corner Store;Ross The Boss;Eugene;USA
32;The Corner Store;Ross The Boss;Eugene;USA
32;The Corner Store;Ross The Boss;Eugene;USA
32;The Corner Store;Ross The Boss;Eugene;USA
32;The Corner Store;Ross The Boss;Eugene;USA
32;The Corner Store;Ross The Boss;Eugene;USA
32;The Corner Store;Ross The Boss;Eugene;USA
32;The Corner Store;Ross The Boss;Eugene;USA
32;The Corner Store;Ross The Boss;Eugene;USA
32;The Corner Store;Ross The Boss;Eugene;USA
32;The Corner Store;Ross The Boss;Eugene;USA
32;The Corner Store;Ross The Boss;Eugene;USA
32;The Corner Store;Ross The Boss;Eugene;USA
32;The Corner Store;Ross The Boss;Eugene;USA
32;The Corner Store;Ross The Boss;Eugene;USA
32;The Corner Store;Ross The Boss;Eugene;USA
32;The Corner Store;Ross The Boss;Eugene;USA
55;SSS-Sport Shoes Store;Al Bundy;Anchorage;USA
55;SSS-Sport Shoes Store;Al Bundy;Anchorage;USA
65;X-Site;Malcolm X;Albuquerque;USA
65;X-Site;Malcolm X;Albuquerque;USA
65;X-Site;Malcolm X;Albuquerque;USA
65;X-Site;Malcolm X;Albuquerque;USA
65;X-Site;Malcolm X;Albuquerque;USA
65;X-Site;Malcolm X;Albuquerque;USA
65;X-Site;Malcolm X;Albuquerque;USA
86;Autokleider;Ralf Schumaker;Stuttgart;DEU
86;Autokleider;Ralf Schumaker;Stuttgart;DEU
86;Autokleider;Ralf Schumaker;Stuttgart;DEU
86;Autokleider;Ralf Schumaker;Stuttgart;DEU
86;Autokleider;Ralf Schumaker;Stuttgart;DEU
86;Autokleider;Ralf Schumaker;Stuttgart;DEU
86;Autokleider;Ralf Schumaker;Stuttgart;DEU
86;Autokleider;Ralf Schumaker;Stuttgart;DEU
86;Autokleider;Ralf Schumaker;Stuttgart;DEU
86;Autokleider;Ralf Schumaker;Stuttgart;DEU
86;Autokleider;Ralf Schumaker;Stuttgart;DEU
86;Autokleider;Ralf Schumaker;Stuttgart;DEU
24;Sport & Fritid AB;Linda Haglund;Bräcke;SWE
24;Sport & Fritid AB;Linda Haglund;Bräcke;SWE
24;Sport & Fritid AB;Linda Haglund;Bräcke;SWE
24;Sport & Fritid AB;Linda Haglund;Bräcke;SWE
24;Sport & Fritid AB;Linda Haglund;Bräcke;SWE
24;Sport & Fritid AB;Linda Haglund;Bräcke;SWE
24;Sport & Fritid AB;Linda Haglund;Bräcke;SWE
24;Sport & Fritid AB;Linda Haglund;Bräcke;SWE
24;Sport & Fritid AB;Linda Haglund;Bräcke;SWE
24;Sport & Fritid AB;Linda Haglund;Bräcke;SWE
24;Sport & Fritid AB;Linda Haglund;Bräcke;SWE
24;Sport & Fritid AB;Linda Haglund;Bräcke;SWE
24;Sport & Fritid AB;Linda Haglund;Bräcke;SWE
24;Sport & Fritid AB;Linda Haglund;Bräcke;SWE
24;Sport & Fritid AB;Linda Haglund;Bräcke;SWE
24;Sport & Fritid AB;Linda Haglund;Bräcke;SWE
24;Sport & Fritid AB;Linda Haglund;Bräcke;SWE
24;Sport & Fritid AB;Linda Haglund;Bräcke;SWE
62;Roba di Piel;Jorge Alemaio;São Paulo;BRA
62;Roba di Piel;Jorge Alemaio;São Paulo;BRA
62;Roba di Piel;Jorge Alemaio;São Paulo;BRA
62;Roba di Piel;Jorge Alemaio;São Paulo;BRA
62;Roba di Piel;Jorge Alemaio;São Paulo;BRA
62;Roba di Piel;Jorge Alemaio;São Paulo;BRA
62;Roba di Piel;Jorge Alemaio;São Paulo;BRA
62;Roba di Piel;Jorge Alemaio;São Paulo;BRA
62;Roba di Piel;Jorge Alemaio;São Paulo;BRA
62;Roba di Piel;Jorge Alemaio;São Paulo;BRA
62;Roba di Piel;Jorge Alemaio;São Paulo;BRA
62;Roba di Piel;Jorge Alemaio;São Paulo;BRA
62;Roba di Piel;Jorge Alemaio;São Paulo;BRA
62;Roba di Piel;Jorge Alemaio;São Paulo;BRA
62;Roba di Piel;Jorge Alemaio;São Paulo;BRA
62;Roba di Piel;Jorge Alemaio;São Paulo;BRA
62;Roba di Piel;Jorge Alemaio;São Paulo;BRA
62;Roba di Piel;Jorge Alemaio;São Paulo;BRA
62;Roba di Piel;Jorge Alemaio;São Paulo;BRA
62;Roba di Piel;Jorge Alemaio;São Paulo;BRA
62;Roba di Piel;Jorge Alemaio;São Paulo;BRA
62;Roba di Piel;Jorge Alemaio;São Paulo;BRA
62;Roba di Piel;Jorge Alemaio;São Paulo;BRA
62;Roba di Piel;Jorge Alemaio;São Paulo;BRA
62;Roba di Piel;Jorge Alemaio;São Paulo;BRA
62;Roba di Piel;Jorge Alemaio;São Paulo;BRA
62;Roba di Piel;Jorge Alemaio;São Paulo;BRA
62;Roba di Piel;Jorge Alemaio;São Paulo;BRA
62;Roba di Piel;Jorge Alemaio;São Paulo;BRA
62;Roba di Piel;Jorge Alemaio;São Paulo;BRA
62;Roba di Piel;Jorge Alemaio;São Paulo;BRA
62;Roba di Piel;Jorge Alemaio;São Paulo;BRA
62;Roba di Piel;Jorge Alemaio;São Paulo;BRA
62;Roba di Piel;Jorge Alemaio;São Paulo;BRA
62;Roba di Piel;Jorge Alemaio;São Paulo;BRA
62;Roba di Piel;Jorge Alemaio;São Paulo;BRA
62;Roba di Piel;Jorge Alemaio;São Paulo;BRA
62;Roba di Piel;Jorge Alemaio;São Paulo;BRA
62;Roba di Piel;Jorge Alemaio;São Paulo;BRA
62;Roba di Piel;Jorge Alemaio;São Paulo;BRA
31;Paintho da Gama;Anna Figo;Campinas;BRA
31;Paintho da Gama;Anna Figo;Campinas;BRA
31;Paintho da Gama;Anna Figo;Campinas;BRA
31;Paintho da Gama;Anna Figo;Campinas;BRA
31;Paintho da Gama;Anna Figo;Campinas;BRA
31;Paintho da Gama;Anna Figo;Campinas;BRA
31;Paintho da Gama;Anna Figo;Campinas;BRA
31;Paintho da Gama;Anna Figo;Campinas;BRA
31;Paintho da Gama;Anna Figo;Campinas;BRA
31;Paintho da Gama;Anna Figo;Campinas;BRA
31;Paintho da Gama;Anna Figo;Campinas;BRA
31;Paintho da Gama;Anna Figo;Campinas;BRA
31;Paintho da Gama;Anna Figo;Campinas;BRA
31;Paintho da Gama;Anna Figo;Campinas;BRA
31;Paintho da Gama;Anna Figo;Campinas;BRA
31;Paintho da Gama;Anna Figo;Campinas;BRA
31;Paintho da Gama;Anna Figo;Campinas;BRA
31;Paintho da Gama;Anna Figo;Campinas;BRA
31;Paintho da Gama;Anna Figo;Campinas;BRA
67;Da Bikini Expertu;Thomá Lindao;Rio de Janeiro;BRA
67;Da Bikini Expertu;Thomá Lindao;Rio de Janeiro;BRA
67;Da Bikini Expertu;Thomá Lindao;Rio de Janeiro;BRA
67;Da Bikini Expertu;Thomá Lindao;Rio de Janeiro;BRA
67;Da Bikini Expertu;Thomá Lindao;Rio de Janeiro;BRA
67;Da Bikini Expertu;Thomá Lindao;Rio de Janeiro;BRA
67;Da Bikini Expertu;Thomá Lindao;Rio de Janeiro;BRA
67;Da Bikini Expertu;Thomá Lindao;Rio de Janeiro;BRA
67;Da Bikini Expertu;Thomá Lindao;Rio de Janeiro;BRA
64;Ropa total;Emerson Fittipaldi;Buenos Aires;ARG
64;Ropa total;Emerson Fittipaldi;Buenos Aires;ARG
64;Ropa total;Emerson Fittipaldi;Buenos Aires;ARG
64;Ropa total;Emerson Fittipaldi;Buenos Aires;ARG
64;Ropa total;Emerson Fittipaldi;Buenos Aires;ARG
15;Tendha do Flamengo;Edson Arantes do Nascimento;São Paulo;BRA
15;Tendha do Flamengo;Edson Arantes do Nascimento;São Paulo;BRA
15;Tendha do Flamengo;Edson Arantes do Nascimento;São Paulo;BRA
15;Tendha do Flamengo;Edson Arantes do Nascimento;São Paulo;BRA
81;Merced do Vaile;Mercedes Couto;São Paulo;BRA
81;Merced do Vaile;Mercedes Couto;São Paulo;BRA
81;Merced do Vaile;Mercedes Couto;São Paulo;BRA
81;Merced do Vaile;Mercedes Couto;São Paulo;BRA
81;Merced do Vaile;Mercedes Couto;São Paulo;BRA
81;Merced do Vaile;Mercedes Couto;São Paulo;BRA
81;Merced do Vaile;Mercedes Couto;São Paulo;BRA
81;Merced do Vaile;Mercedes Couto;São Paulo;BRA
81;Merced do Vaile;Mercedes Couto;São Paulo;BRA
81;Merced do Vaile;Mercedes Couto;São Paulo;BRA
81;Merced do Vaile;Mercedes Couto;São Paulo;BRA
81;Merced do Vaile;Mercedes Couto;São Paulo;BRA
81;Merced do Vaile;Mercedes Couto;São Paulo;BRA
80;Don Balón;Peloto Gomez;México D.F.;MEX
80;Don Balón;Peloto Gomez;México D.F.;MEX
80;Don Balón;Peloto Gomez;México D.F.;MEX
80;Don Balón;Peloto Gomez;México D.F.;MEX
80;Don Balón;Peloto Gomez;México D.F.;MEX
80;Don Balón;Peloto Gomez;México D.F.;MEX
80;Don Balón;Peloto Gomez;México D.F.;MEX
80;Don Balón;Peloto Gomez;México D.F.;MEX
80;Don Balón;Peloto Gomez;México D.F.;MEX
80;Don Balón;Peloto Gomez;México D.F.;MEX
80;Don Balón;Peloto Gomez;México D.F.;MEX
80;Don Balón;Peloto Gomez;México D.F.;MEX
80;Don Balón;Peloto Gomez;México D.F.;MEX
80;Don Balón;Peloto Gomez;México D.F.;MEX
80;Don Balón;Peloto Gomez;México D.F.;MEX
80;Don Balón;Peloto Gomez;México D.F.;MEX
80;Don Balón;Peloto Gomez;México D.F.;MEX
80;Don Balón;Peloto Gomez;México D.F.;MEX
80;Don Balón;Peloto Gomez;México D.F.;MEX
80;Don Balón;Peloto Gomez;México D.F.;MEX
80;Don Balón;Peloto Gomez;México D.F.;MEX
80;Don Balón;Peloto Gomez;México D.F.;MEX
80;Don Balón;Peloto Gomez;México D.F.;MEX
80;Don Balón;Peloto Gomez;México D.F.;MEX
80;Don Balón;Peloto Gomez;México D.F.;MEX
80;Don Balón;Peloto Gomez;México D.F.;MEX
80;Don Balón;Peloto Gomez;México D.F.;MEX
80;Don Balón;Peloto Gomez;México D.F.;MEX
80;Don Balón;Peloto Gomez;México D.F.;MEX
80;Don Balón;Peloto Gomez;México D.F.;MEX
80;Don Balón;Peloto Gomez;México D.F.;MEX
80;Don Balón;Peloto Gomez;México D.F.;MEX
80;Don Balón;Peloto Gomez;México D.F.;MEX
80;Don Balón;Peloto Gomez;México D.F.;MEX
80;Don Balón;Peloto Gomez;México D.F.;MEX
80;Don Balón;Peloto Gomez;México D.F.;MEX
80;Don Balón;Peloto Gomez;México D.F.;MEX
80;Don Balón;Peloto Gomez;México D.F.;MEX
80;Don Balón;Peloto Gomez;México D.F.;MEX
80;Don Balón;Peloto Gomez;México D.F.;MEX
80;Don Balón;Peloto Gomez;México D.F.;MEX
80;Don Balón;Peloto Gomez;México D.F.;MEX
80;Don Balón;Peloto Gomez;México D.F.;MEX
80;Don Balón;Peloto Gomez;México D.F.;MEX
80;Don Balón;Peloto Gomez;México D.F.;MEX
80;Don Balón;Peloto Gomez;México D.F.;MEX
80;Don Balón;Peloto Gomez;México D.F.;MEX
80;Don Balón;Peloto Gomez;México D.F.;MEX
80;Don Balón;Peloto Gomez;México D.F.;MEX
80;Don Balón;Peloto Gomez;México D.F.;MEX
80;Don Balón;Peloto Gomez;México D.F.;MEX
80;Don Balón;Peloto Gomez;México D.F.;MEX
80;Don Balón;Peloto Gomez;México D.F.;MEX
80;Don Balón;Peloto Gomez;México D.F.;MEX
80;Don Balón;Peloto Gomez;México D.F.;MEX
80;Don Balón;Peloto Gomez;México D.F.;MEX
80;Don Balón;Peloto Gomez;México D.F.;MEX
80;Don Balón;Peloto Gomez;México D.F.;MEX
80;Don Balón;Peloto Gomez;México D.F.;MEX
80;Don Balón;Peloto Gomez;México D.F.;MEX
80;Don Balón;Peloto Gomez;México D.F.;MEX
80;Don Balón;Peloto Gomez;México D.F.;MEX
80;Don Balón;Peloto Gomez;México D.F.;MEX
80;Don Balón;Peloto Gomez;México D.F.;MEX
80;Don Balón;Peloto Gomez;México D.F.;MEX
80;Don Balón;Peloto Gomez;México D.F.;MEX
80;Don Balón;Peloto Gomez;México D.F.;MEX
80;Don Balón;Peloto Gomez;México D.F.;MEX
80;Don Balón;Peloto Gomez;México D.F.;MEX
80;Don Balón;Peloto Gomez;México D.F.;MEX
2;La Tienda de la Esquina;Paco el Maco;México D.F.;MEX
2;La Tienda de la Esquina;Paco el Maco;México D.F.;MEX
2;La Tienda de la Esquina;Paco el Maco;México D.F.;MEX
2;La Tienda de la Esquina;Paco el Maco;México D.F.;MEX
2;La Tienda de la Esquina;Paco el Maco;México D.F.;MEX
2;La Tienda de la Esquina;Paco el Maco;México D.F.;MEX
2;La Tienda de la Esquina;Paco el Maco;México D.F.;MEX
2;La Tienda de la Esquina;Paco el Maco;México D.F.;MEX
2;La Tienda de la Esquina;Paco el Maco;México D.F.;MEX
2;La Tienda de la Esquina;Paco el Maco;México D.F.;MEX
47;El Pirata;Andrés Barbanegra;I. de Margarita;VEN
47;El Pirata;Andrés Barbanegra;I. de Margarita;VEN
47;El Pirata;Andrés Barbanegra;I. de Margarita;VEN
47;El Pirata;Andrés Barbanegra;I. de Margarita;VEN
47;El Pirata;Andrés Barbanegra;I. de Margarita;VEN
47;El Pirata;Andrés Barbanegra;I. de Margarita;VEN
47;El Pirata;Andrés Barbanegra;I. de Margarita;VEN
47;El Pirata;Andrés Barbanegra;I. de Margarita;VEN
47;El Pirata;Andrés Barbanegra;I. de Margarita;VEN
47;El Pirata;Andrés Barbanegra;I. de Margarita;VEN
47;El Pirata;Andrés Barbanegra;I. de Margarita;VEN
47;El Pirata;Andrés Barbanegra;I. de Margarita;VEN
47;El Pirata;Andrés Barbanegra;I. de Margarita;VEN
47;El Pirata;Andrés Barbanegra;I. de Margarita;VEN
47;El Pirata;Andrés Barbanegra;I. de Margarita;VEN
47;El Pirata;Andrés Barbanegra;I. de Margarita;VEN
47;El Pirata;Andrés Barbanegra;I. de Margarita;VEN
47;El Pirata;Andrés Barbanegra;I. de Margarita;VEN
47;El Pirata;Andrés Barbanegra;I. de Margarita;VEN
47;El Pirata;Andrés Barbanegra;I. de Margarita;VEN
47;El Pirata;Andrés Barbanegra;I. de Margarita;VEN
47;El Pirata;Andrés Barbanegra;I. de Margarita;VEN
47;El Pirata;Andrés Barbanegra;I. de Margarita;VEN
47;El Pirata;Andrés Barbanegra;I. de Margarita;VEN
47;El Pirata;Andrés Barbanegra;I. de Margarita;VEN
47;El Pirata;Andrés Barbanegra;I. de Margarita;VEN
47;El Pirata;Andrés Barbanegra;I. de Margarita;VEN
47;El Pirata;Andrés Barbanegra;I. de Margarita;VEN
47;El Pirata;Andrés Barbanegra;I. de Margarita;VEN
47;El Pirata;Andrés Barbanegra;I. de Margarita;VEN
47;El Pirata;Andrés Barbanegra;I. de Margarita;VEN
47;El Pirata;Andrés Barbanegra;I. de Margarita;VEN
47;El Pirata;Andrés Barbanegra;I. de Margarita;VEN
47;El Pirata;Andrés Barbanegra;I. de Margarita;VEN
47;El Pirata;Andrés Barbanegra;I. de Margarita;VEN
5;Urras Shop;Urra Gurra Aktersnurra;Luleå;SWE
5;Urras Shop;Urra Gurra Aktersnurra;Luleå;SWE
5;Urras Shop;Urra Gurra Aktersnurra;Luleå;SWE
5;Urras Shop;Urra Gurra Aktersnurra;Luleå;SWE
5;Urras Shop;Urra Gurra Aktersnurra;Luleå;SWE
5;Urras Shop;Urra Gurra Aktersnurra;Luleå;SWE
5;Urras Shop;Urra Gurra Aktersnurra;Luleå;SWE
5;Urras Shop;Urra Gurra Aktersnurra;Luleå;SWE
5;Urras Shop;Urra Gurra Aktersnurra;Luleå;SWE
5;Urras Shop;Urra Gurra Aktersnurra;Luleå;SWE
5;Urras Shop;Urra Gurra Aktersnurra;Luleå;SWE
5;Urras Shop;Urra Gurra Aktersnurra;Luleå;SWE
5;Urras Shop;Urra Gurra Aktersnurra;Luleå;SWE
5;Urras Shop;Urra Gurra Aktersnurra;Luleå;SWE
5;Urras Shop;Urra Gurra Aktersnurra;Luleå;SWE
5;Urras Shop;Urra Gurra Aktersnurra;Luleå;SWE
5;Urras Shop;Urra Gurra Aktersnurra;Luleå;SWE
5;Urras Shop;Urra Gurra Aktersnurra;Luleå;SWE
5;Urras Shop;Urra Gurra Aktersnurra;Luleå;SWE
5;Urras Shop;Urra Gurra Aktersnurra;Luleå;SWE
5;Urras Shop;Urra Gurra Aktersnurra;Luleå;SWE
5;Urras Shop;Urra Gurra Aktersnurra;Luleå;SWE
5;Urras Shop;Urra Gurra Aktersnurra;Luleå;SWE
5;Urras Shop;Urra Gurra Aktersnurra;Luleå;SWE
5;Urras Shop;Urra Gurra Aktersnurra;Luleå;SWE
5;Urras Shop;Urra Gurra Aktersnurra;Luleå;SWE
5;Urras Shop;Urra Gurra Aktersnurra;Luleå;SWE
5;Urras Shop;Urra Gurra Aktersnurra;Luleå;SWE
5;Urras Shop;Urra Gurra Aktersnurra;Luleå;SWE
5;Urras Shop;Urra Gurra Aktersnurra;Luleå;SWE
5;Urras Shop;Urra Gurra Aktersnurra;Luleå;SWE
5;Urras Shop;Urra Gurra Aktersnurra;Luleå;SWE
5;Urras Shop;Urra Gurra Aktersnurra;Luleå;SWE
5;Urras Shop;Urra Gurra Aktersnurra;Luleå;SWE
5;Urras Shop;Urra Gurra Aktersnurra;Luleå;SWE
5;Urras Shop;Urra Gurra Aktersnurra;Luleå;SWE
5;Urras Shop;Urra Gurra Aktersnurra;Luleå;SWE
5;Urras Shop;Urra Gurra Aktersnurra;Luleå;SWE
5;Urras Shop;Urra Gurra Aktersnurra;Luleå;SWE
5;Urras Shop;Urra Gurra Aktersnurra;Luleå;SWE
5;Urras Shop;Urra Gurra Aktersnurra;Luleå;SWE
5;Urras Shop;Urra Gurra Aktersnurra;Luleå;SWE
5;Urras Shop;Urra Gurra Aktersnurra;Luleå;SWE
5;Urras Shop;Urra Gurra Aktersnurra;Luleå;SWE
5;Urras Shop;Urra Gurra Aktersnurra;Luleå;SWE
5;Urras Shop;Urra Gurra Aktersnurra;Luleå;SWE
5;Urras Shop;Urra Gurra Aktersnurra;Luleå;SWE
5;Urras Shop;Urra Gurra Aktersnurra;Luleå;SWE
5;Urras Shop;Urra Gurra Aktersnurra;Luleå;SWE
5;Urras Shop;Urra Gurra Aktersnurra;Luleå;SWE
5;Urras Shop;Urra Gurra Aktersnurra;Luleå;SWE
5;Urras Shop;Urra Gurra Aktersnurra;Luleå;SWE
16;The sharped dressed man;Ian Wright;London;GBR
16;The sharped dressed man;Ian Wright;London;GBR
16;The sharped dressed man;Ian Wright;London;GBR
16;The sharped dressed man;Ian Wright;London;GBR
16;The sharped dressed man;Ian Wright;London;GBR
16;The sharped dressed man;Ian Wright;London;GBR
16;The sharped dressed man;Ian Wright;London;GBR
25;Halle Köln;Dieter Köln;München;DEU
25;Halle Köln;Dieter Köln;München;DEU
25;Halle Köln;Dieter Köln;München;DEU
25;Halle Köln;Dieter Köln;München;DEU
25;Halle Köln;Dieter Köln;München;DEU
25;Halle Köln;Dieter Köln;München;DEU
25;Halle Köln;Dieter Köln;München;DEU
25;Halle Köln;Dieter Köln;München;DEU
25;Halle Köln;Dieter Köln;München;DEU
25;Halle Köln;Dieter Köln;München;DEU
25;Halle Köln;Dieter Köln;München;DEU
25;Halle Köln;Dieter Köln;München;DEU
25;Halle Köln;Dieter Köln;München;DEU
25;Halle Köln;Dieter Köln;München;DEU
25;Halle Köln;Dieter Köln;München;DEU
25;Halle Köln;Dieter Köln;München;DEU
25;Halle Köln;Dieter Köln;München;DEU
25;Halle Köln;Dieter Köln;München;DEU
25;Halle Köln;Dieter Köln;München;DEU
25;Halle Köln;Dieter Köln;München;DEU
25;Halle Köln;Dieter Köln;München;DEU
25;Halle Köln;Dieter Köln;München;DEU
25;Halle Köln;Dieter Köln;München;DEU
25;Halle Köln;Dieter Köln;München;DEU
25;Halle Köln;Dieter Köln;München;DEU
25;Halle Köln;Dieter Köln;München;DEU
25;Halle Köln;Dieter Köln;München;DEU
25;Halle Köln;Dieter Köln;München;DEU
25;Halle Köln;Dieter Köln;München;DEU
25;Halle Köln;Dieter Köln;München;DEU
25;Halle Köln;Dieter Köln;München;DEU
25;Halle Köln;Dieter Köln;München;DEU
25;Halle Köln;Dieter Köln;München;DEU
25;Halle Köln;Dieter Köln;München;DEU
25;Halle Köln;Dieter Köln;München;DEU
25;Halle Köln;Dieter Köln;München;DEU
25;Halle Köln;Dieter Köln;München;DEU
25;Halle Köln;Dieter Köln;München;DEU
25;Halle Köln;Dieter Köln;München;DEU
25;Halle Köln;Dieter Köln;München;DEU
25;Halle Köln;Dieter Köln;München;DEU
25;Halle Köln;Dieter Köln;München;DEU
25;Halle Köln;Dieter Köln;München;DEU
25;Halle Köln;Dieter Köln;München;DEU
25;Halle Köln;Dieter Köln;München;DEU
25;Halle Köln;Dieter Köln;München;DEU
25;Halle Köln;Dieter Köln;München;DEU
25;Halle Köln;Dieter Köln;München;DEU
76;Belgium Black Jeans;Cheril Cow;Charleroi;BEL
76;Belgium Black Jeans;Cheril Cow;Charleroi;BEL
76;Belgium Black Jeans;Cheril Cow;Charleroi;BEL
76;Belgium Black Jeans;Cheril Cow;Charleroi;BEL
76;Belgium Black Jeans;Cheril Cow;Charleroi;BEL
76;Belgium Black Jeans;Cheril Cow;Charleroi;BEL
76;Belgium Black Jeans;Cheril Cow;Charleroi;BEL
76;Belgium Black Jeans;Cheril Cow;Charleroi;BEL
76;Belgium Black Jeans;Cheril Cow;Charleroi;BEL
76;Belgium Black Jeans;Cheril Cow;Charleroi;BEL
76;Belgium Black Jeans;Cheril Cow;Charleroi;BEL
76;Belgium Black Jeans;Cheril Cow;Charleroi;BEL
76;Belgium Black Jeans;Cheril Cow;Charleroi;BEL
76;Belgium Black Jeans;Cheril Cow;Charleroi;BEL
76;Belgium Black Jeans;Cheril Cow;Charleroi;BEL
8;Las Corbatas;Julio Iglesias;Madrid;ESP
8;Las Corbatas;Julio Iglesias;Madrid;ESP
8;Las Corbatas;Julio Iglesias;Madrid;ESP
8;Las Corbatas;Julio Iglesias;Madrid;ESP
8;Las Corbatas;Julio Iglesias;Madrid;ESP
8;Las Corbatas;Julio Iglesias;Madrid;ESP
22;La Camisas Cansadas;Filemón;Madrid;ESP
22;La Camisas Cansadas;Filemón;Madrid;ESP
22;La Camisas Cansadas;Filemón;Madrid;ESP
3;La Ropa Vieja;Sancho Panza;México D.F.;MEX
3;La Ropa Vieja;Sancho Panza;México D.F.;MEX
3;La Ropa Vieja;Sancho Panza;México D.F.;MEX
3;La Ropa Vieja;Sancho Panza;México D.F.;MEX
3;La Ropa Vieja;Sancho Panza;México D.F.;MEX
3;La Ropa Vieja;Sancho Panza;México D.F.;MEX
3;La Ropa Vieja;Sancho Panza;México D.F.;MEX
3;La Ropa Vieja;Sancho Panza;México D.F.;MEX
3;La Ropa Vieja;Sancho Panza;México D.F.;MEX
3;La Ropa Vieja;Sancho Panza;México D.F.;MEX
3;La Ropa Vieja;Sancho Panza;México D.F.;MEX
3;La Ropa Vieja;Sancho Panza;México D.F.;MEX
3;La Ropa Vieja;Sancho Panza;México D.F.;MEX
3;La Ropa Vieja;Sancho Panza;México D.F.;MEX
3;La Ropa Vieja;Sancho Panza;México D.F.;MEX
3;La Ropa Vieja;Sancho Panza;México D.F.;MEX
3;La Ropa Vieja;Sancho Panza;México D.F.;MEX
58;La Moda Pasada;Francisca Font Barceló;México D.F.;MEX
58;La Moda Pasada;Francisca Font Barceló;México D.F.;MEX
58;La Moda Pasada;Francisca Font Barceló;México D.F.;MEX
58;La Moda Pasada;Francisca Font Barceló;México D.F.;MEX
58;La Moda Pasada;Francisca Font Barceló;México D.F.;MEX
58;La Moda Pasada;Francisca Font Barceló;México D.F.;MEX
58;La Moda Pasada;Francisca Font Barceló;México D.F.;MEX
58;La Moda Pasada;Francisca Font Barceló;México D.F.;MEX
58;La Moda Pasada;Francisca Font Barceló;México D.F.;MEX
58;La Moda Pasada;Francisca Font Barceló;México D.F.;MEX
58;La Moda Pasada;Francisca Font Barceló;México D.F.;MEX
58;La Moda Pasada;Francisca Font Barceló;México D.F.;MEX
58;La Moda Pasada;Francisca Font Barceló;México D.F.;MEX
58;La Moda Pasada;Francisca Font Barceló;México D.F.;MEX
35;El Zapato Rojo;Nicolas Balines;San Cristóbal;VEN
35;El Zapato Rojo;Nicolas Balines;San Cristóbal;VEN
35;El Zapato Rojo;Nicolas Balines;San Cristóbal;VEN
35;El Zapato Rojo;Nicolas Balines;San Cristóbal;VEN
35;El Zapato Rojo;Nicolas Balines;San Cristóbal;VEN
35;El Zapato Rojo;Nicolas Balines;San Cristóbal;VEN
35;El Zapato Rojo;Nicolas Balines;San Cristóbal;VEN
35;El Zapato Rojo;Nicolas Balines;San Cristóbal;VEN
35;El Zapato Rojo;Nicolas Balines;San Cristóbal;VEN
35;El Zapato Rojo;Nicolas Balines;San Cristóbal;VEN
35;El Zapato Rojo;Nicolas Balines;San Cristóbal;VEN
35;El Zapato Rojo;Nicolas Balines;San Cristóbal;VEN
35;El Zapato Rojo;Nicolas Balines;San Cristóbal;VEN
35;El Zapato Rojo;Nicolas Balines;San Cristóbal;VEN
35;El Zapato Rojo;Nicolas Balines;San Cristóbal;VEN
35;El Zapato Rojo;Nicolas Balines;San Cristóbal;VEN
35;El Zapato Rojo;Nicolas Balines;San Cristóbal;VEN
35;El Zapato Rojo;Nicolas Balines;San Cristóbal;VEN
35;El Zapato Rojo;Nicolas Balines;San Cristóbal;VEN
35;El Zapato Rojo;Nicolas Balines;San Cristóbal;VEN
35;El Zapato Rojo;Nicolas Balines;San Cristóbal;VEN
35;El Zapato Rojo;Nicolas Balines;San Cristóbal;VEN
35;El Zapato Rojo;Nicolas Balines;San Cristóbal;VEN
35;El Zapato Rojo;Nicolas Balines;San Cristóbal;VEN
35;El Zapato Rojo;Nicolas Balines;San Cristóbal;VEN
35;El Zapato Rojo;Nicolas Balines;San Cristóbal;VEN
35;El Zapato Rojo;Nicolas Balines;San Cristóbal;VEN
35;El Zapato Rojo;Nicolas Balines;San Cristóbal;VEN
35;El Zapato Rojo;Nicolas Balines;San Cristóbal;VEN
35;El Zapato Rojo;Nicolas Balines;San Cristóbal;VEN
35;El Zapato Rojo;Nicolas Balines;San Cristóbal;VEN
35;El Zapato Rojo;Nicolas Balines;San Cristóbal;VEN
35;El Zapato Rojo;Nicolas Balines;San Cristóbal;VEN
35;El Zapato Rojo;Nicolas Balines;San Cristóbal;VEN
35;El Zapato Rojo;Nicolas Balines;San Cristóbal;VEN
35;El Zapato Rojo;Nicolas Balines;San Cristóbal;VEN
35;El Zapato Rojo;Nicolas Balines;San Cristóbal;VEN
35;El Zapato Rojo;Nicolas Balines;San Cristóbal;VEN
35;El Zapato Rojo;Nicolas Balines;San Cristóbal;VEN
35;El Zapato Rojo;Nicolas Balines;San Cristóbal;VEN
35;El Zapato Rojo;Nicolas Balines;San Cristóbal;VEN
35;El Zapato Rojo;Nicolas Balines;San Cristóbal;VEN
35;El Zapato Rojo;Nicolas Balines;San Cristóbal;VEN
35;El Zapato Rojo;Nicolas Balines;San Cristóbal;VEN
35;El Zapato Rojo;Nicolas Balines;San Cristóbal;VEN
46;Los Vatos Locos;Tony Montana;Barquisimeto;VEN
46;Los Vatos Locos;Tony Montana;Barquisimeto;VEN
46;Los Vatos Locos;Tony Montana;Barquisimeto;VEN
46;Los Vatos Locos;Tony Montana;Barquisimeto;VEN
46;Los Vatos Locos;Tony Montana;Barquisimeto;VEN
46;Los Vatos Locos;Tony Montana;Barquisimeto;VEN
46;Los Vatos Locos;Tony Montana;Barquisimeto;VEN
46;Los Vatos Locos;Tony Montana;Barquisimeto;VEN
46;Los Vatos Locos;Tony Montana;Barquisimeto;VEN
46;Los Vatos Locos;Tony Montana;Barquisimeto;VEN
46;Los Vatos Locos;Tony Montana;Barquisimeto;VEN
46;Los Vatos Locos;Tony Montana;Barquisimeto;VEN
46;Los Vatos Locos;Tony Montana;Barquisimeto;VEN
46;Los Vatos Locos;Tony Montana;Barquisimeto;VEN
46;Los Vatos Locos;Tony Montana;Barquisimeto;VEN
46;Los Vatos Locos;Tony Montana;Barquisimeto;VEN
46;Los Vatos Locos;Tony Montana;Barquisimeto;VEN
46;Los Vatos Locos;Tony Montana;Barquisimeto;VEN
46;Los Vatos Locos;Tony Montana;Barquisimeto;VEN
46;Los Vatos Locos;Tony Montana;Barquisimeto;VEN
46;Los Vatos Locos;Tony Montana;Barquisimeto;VEN
46;Los Vatos Locos;Tony Montana;Barquisimeto;VEN
46;Los Vatos Locos;Tony Montana;Barquisimeto;VEN
46;Los Vatos Locos;Tony Montana;Barquisimeto;VEN
46;Los Vatos Locos;Tony Montana;Barquisimeto;VEN
46;Los Vatos Locos;Tony Montana;Barquisimeto;VEN
46;Los Vatos Locos;Tony Montana;Barquisimeto;VEN
46;Los Vatos Locos;Tony Montana;Barquisimeto;VEN
46;Los Vatos Locos;Tony Montana;Barquisimeto;VEN
46;Los Vatos Locos;Tony Montana;Barquisimeto;VEN
46;Los Vatos Locos;Tony Montana;Barquisimeto;VEN
46;Los Vatos Locos;Tony Montana;Barquisimeto;VEN
46;Los Vatos Locos;Tony Montana;Barquisimeto;VEN
46;Los Vatos Locos;Tony Montana;Barquisimeto;VEN
36;Pulp Toxedos;Marcellus Wallace;Elgin;USA
36;Pulp Toxedos;Marcellus Wallace;Elgin;USA
13;Los Sombreros Gigantes;Speedy Gonzales;México D.F.;MEX
13;Los Sombreros Gigantes;Speedy Gonzales;México D.F.;MEX
70;Alles Lusekofter;Akkurat Jonny;Stavern;NOR
60;La Roba do Santho;Leopoldo Samba;Lisboa;PRT
60;La Roba do Santho;Leopoldo Samba;Lisboa;PRT
60;La Roba do Santho;Leopoldo Samba;Lisboa;PRT
60;La Roba do Santho;Leopoldo Samba;Lisboa;PRT
60;La Roba do Santho;Leopoldo Samba;Lisboa;PRT
60;La Roba do Santho;Leopoldo Samba;Lisboa;PRT
60;La Roba do Santho;Leopoldo Samba;Lisboa;PRT
60;La Roba do Santho;Leopoldo Samba;Lisboa;PRT
60;La Roba do Santho;Leopoldo Samba;Lisboa;PRT
60;La Roba do Santho;Leopoldo Samba;Lisboa;PRT
11;Shoe Expert;David Foot;London;GBR
11;Shoe Expert;David Foot;London;GBR
11;Shoe Expert;David Foot;London;GBR
11;Shoe Expert;David Foot;London;GBR
11;Shoe Expert;David Foot;London;GBR
11;Shoe Expert;David Foot;London;GBR
30;Los Trajes de Matador;El Cordobes;Sevilla;ESP
30;Los Trajes de Matador;El Cordobes;Sevilla;ESP
30;Los Trajes de Matador;El Cordobes;Sevilla;ESP
30;Los Trajes de Matador;El Cordobes;Sevilla;ESP
30;Los Trajes de Matador;El Cordobes;Sevilla;ESP
30;Los Trajes de Matador;El Cordobes;Sevilla;ESP
30;Los Trajes de Matador;El Cordobes;Sevilla;ESP
30;Los Trajes de Matador;El Cordobes;Sevilla;ESP
30;Los Trajes de Matador;El Cordobes;Sevilla;ESP
30;Los Trajes de Matador;El Cordobes;Sevilla;ESP
30;Los Trajes de Matador;El Cordobes;Sevilla;ESP
30;Los Trajes de Matador;El Cordobes;Sevilla;ESP
30;Los Trajes de Matador;El Cordobes;Sevilla;ESP
30;Los Trajes de Matador;El Cordobes;Sevilla;ESP
30;Los Trajes de Matador;El Cordobes;Sevilla;ESP
30;Los Trajes de Matador;El Cordobes;Sevilla;ESP
30;Los Trajes de Matador;El Cordobes;Sevilla;ESP
30;Los Trajes de Matador;El Cordobes;Sevilla;ESP
30;Los Trajes de Matador;El Cordobes;Sevilla;ESP
30;Los Trajes de Matador;El Cordobes;Sevilla;ESP
30;Los Trajes de Matador;El Cordobes;Sevilla;ESP
30;Los Trajes de Matador;El Cordobes;Sevilla;ESP
30;Los Trajes de Matador;El Cordobes;Sevilla;ESP
30;Los Trajes de Matador;El Cordobes;Sevilla;ESP
30;Los Trajes de Matador;El Cordobes;Sevilla;ESP
6;Man Kleider;Herman Hinschler;Mannheim;DEU
6;Man Kleider;Herman Hinschler;Mannheim;DEU
6;Man Kleider;Herman Hinschler;Mannheim;DEU
6;Man Kleider;Herman Hinschler;Mannheim;DEU
6;Man Kleider;Herman Hinschler;Mannheim;DEU
6;Man Kleider;Herman Hinschler;Mannheim;DEU
6;Man Kleider;Herman Hinschler;Mannheim;DEU
6;Man Kleider;Herman Hinschler;Mannheim;DEU
6;Man Kleider;Herman Hinschler;Mannheim;DEU
38;King Size Clothes;Al Yankovic;Cowes;GBR
38;King Size Clothes;Al Yankovic;Cowes;GBR
38;King Size Clothes;Al Yankovic;Cowes;GBR
38;King Size Clothes;Al Yankovic;Cowes;GBR
38;King Size Clothes;Al Yankovic;Cowes;GBR
38;King Size Clothes;Al Yankovic;Cowes;GBR
38;King Size Clothes;Al Yankovic;Cowes;GBR
38;King Size Clothes;Al Yankovic;Cowes;GBR
38;King Size Clothes;Al Yankovic;Cowes;GBR
38;King Size Clothes;Al Yankovic;Cowes;GBR
38;King Size Clothes;Al Yankovic;Cowes;GBR
127;Stephanies;Staffan Blond;Stockholm;SWE
127;Stephanies;Staffan Blond;Stockholm;SWE
127;Stephanies;Staffan Blond;Stockholm;SWE
127;Stephanies;Staffan Blond;Stockholm;SWE
127;Stephanies;Staffan Blond;Stockholm;SWE
127;Stephanies;Staffan Blond;Stockholm;SWE
127;Stephanies;Staffan Blond;Stockholm;SWE
127;Stephanies;Staffan Blond;Stockholm;SWE
59;Extrawagens;Herbert Bernstorf;Salzburg;AUT
59;Extrawagens;Herbert Bernstorf;Salzburg;AUT
59;Extrawagens;Herbert Bernstorf;Salzburg;AUT
59;Extrawagens;Herbert Bernstorf;Salzburg;AUT
59;Extrawagens;Herbert Bernstorf;Salzburg;AUT
59;Extrawagens;Herbert Bernstorf;Salzburg;AUT
59;Extrawagens;Herbert Bernstorf;Salzburg;AUT
59;Extrawagens;Herbert Bernstorf;Salzburg;AUT
59;Extrawagens;Herbert Bernstorf;Salzburg;AUT
59;Extrawagens;Herbert Bernstorf;Salzburg;AUT
59;Extrawagens;Herbert Bernstorf;Salzburg;AUT
59;Extrawagens;Herbert Bernstorf;Salzburg;AUT
59;Extrawagens;Herbert Bernstorf;Salzburg;AUT
59;Extrawagens;Herbert Bernstorf;Salzburg;AUT
59;Extrawagens;Herbert Bernstorf;Salzburg;AUT
59;Extrawagens;Herbert Bernstorf;Salzburg;AUT
59;Extrawagens;Herbert Bernstorf;Salzburg;AUT
59;Extrawagens;Herbert Bernstorf;Salzburg;AUT
59;Extrawagens;Herbert Bernstorf;Salzburg;AUT
59;Extrawagens;Herbert Bernstorf;Salzburg;AUT
59;Extrawagens;Herbert Bernstorf;Salzburg;AUT
59;Extrawagens;Herbert Bernstorf;Salzburg;AUT
59;Extrawagens;Herbert Bernstorf;Salzburg;AUT
59;Extrawagens;Herbert Bernstorf;Salzburg;AUT
59;Extrawagens;Herbert Bernstorf;Salzburg;AUT
59;Extrawagens;Herbert Bernstorf;Salzburg;AUT
59;Extrawagens;Herbert Bernstorf;Salzburg;AUT
59;Extrawagens;Herbert Bernstorf;Salzburg;AUT
59;Extrawagens;Herbert Bernstorf;Salzburg;AUT
59;Extrawagens;Herbert Bernstorf;Salzburg;AUT
59;Extrawagens;Herbert Bernstorf;Salzburg;AUT
59;Extrawagens;Herbert Bernstorf;Salzburg;AUT
59;Extrawagens;Herbert Bernstorf;Salzburg;AUT
59;Extrawagens;Herbert Bernstorf;Salzburg;AUT
59;Extrawagens;Herbert Bernstorf;Salzburg;AUT
59;Extrawagens;Herbert Bernstorf;Salzburg;AUT
59;Extrawagens;Herbert Bernstorf;Salzburg;AUT
59;Extrawagens;Herbert Bernstorf;Salzburg;AUT
59;Extrawagens;Herbert Bernstorf;Salzburg;AUT
59;Extrawagens;Herbert Bernstorf;Salzburg;AUT
59;Extrawagens;Herbert Bernstorf;Salzburg;AUT
59;Extrawagens;Herbert Bernstorf;Salzburg;AUT
59;Extrawagens;Herbert Bernstorf;Salzburg;AUT
59;Extrawagens;Herbert Bernstorf;Salzburg;AUT
59;Extrawagens;Herbert Bernstorf;Salzburg;AUT
59;Extrawagens;Herbert Bernstorf;Salzburg;AUT
59;Extrawagens;Herbert Bernstorf;Salzburg;AUT
59;Extrawagens;Herbert Bernstorf;Salzburg;AUT
59;Extrawagens;Herbert Bernstorf;Salzburg;AUT
59;Extrawagens;Herbert Bernstorf;Salzburg;AUT
59;Extrawagens;Herbert Bernstorf;Salzburg;AUT
59;Extrawagens;Herbert Bernstorf;Salzburg;AUT
69;La Moda Alucinante;Emilio Ilegal;Madrid;ESP
69;La Moda Alucinante;Emilio Ilegal;Madrid;ESP
69;La Moda Alucinante;Emilio Ilegal;Madrid;ESP
69;La Moda Alucinante;Emilio Ilegal;Madrid;ESP
69;La Moda Alucinante;Emilio Ilegal;Madrid;ESP
69;La Moda Alucinante;Emilio Ilegal;Madrid;ESP
69;La Moda Alucinante;Emilio Ilegal;Madrid;ESP
69;La Moda Alucinante;Emilio Ilegal;Madrid;ESP
69;La Moda Alucinante;Emilio Ilegal;Madrid;ESP
69;La Moda Alucinante;Emilio Ilegal;Madrid;ESP
69;La Moda Alucinante;Emilio Ilegal;Madrid;ESP
69;La Moda Alucinante;Emilio Ilegal;Madrid;ESP
69;La Moda Alucinante;Emilio Ilegal;Madrid;ESP
69;La Moda Alucinante;Emilio Ilegal;Madrid;ESP
68;Golden Design Group;Carl Perry;Genève;CHE
68;Golden Design Group;Carl Perry;Genève;CHE
68;Golden Design Group;Carl Perry;Genève;CHE
68;Golden Design Group;Carl Perry;Genève;CHE
68;Golden Design Group;Carl Perry;Genève;CHE
68;Golden Design Group;Carl Perry;Genève;CHE
68;Golden Design Group;Carl Perry;Genève;CHE
68;Golden Design Group;Carl Perry;Genève;CHE
68;Golden Design Group;Carl Perry;Genève;CHE
68;Golden Design Group;Carl Perry;Genève;CHE
68;Golden Design Group;Carl Perry;Genève;CHE
68;Golden Design Group;Carl Perry;Genève;CHE
68;Golden Design Group;Carl Perry;Genève;CHE
68;Golden Design Group;Carl Perry;Genève;CHE
68;Golden Design Group;Carl Perry;Genève;CHE
68;Golden Design Group;Carl Perry;Genève;CHE
14;Das Alpen Shoe;Alfred Neumann;Bern;CHE
14;Das Alpen Shoe;Alfred Neumann;Bern;CHE
14;Das Alpen Shoe;Alfred Neumann;Bern;CHE
14;Das Alpen Shoe;Alfred Neumann;Bern;CHE
14;Das Alpen Shoe;Alfred Neumann;Bern;CHE
14;Das Alpen Shoe;Alfred Neumann;Bern;CHE
14;Das Alpen Shoe;Alfred Neumann;Bern;CHE
14;Das Alpen Shoe;Alfred Neumann;Bern;CHE
14;Das Alpen Shoe;Alfred Neumann;Bern;CHE
14;Das Alpen Shoe;Alfred Neumann;Bern;CHE
52;Kohl Industries AG;Helmuth Klein;Leipzig;DEU
28;El Traige do Benfica;Vitor Baiha;Lisboa;PRT
28;El Traige do Benfica;Vitor Baiha;Lisboa;PRT
28;El Traige do Benfica;Vitor Baiha;Lisboa;PRT
28;El Traige do Benfica;Vitor Baiha;Lisboa;PRT
28;El Traige do Benfica;Vitor Baiha;Lisboa;PRT
28;El Traige do Benfica;Vitor Baiha;Lisboa;PRT
28;El Traige do Benfica;Vitor Baiha;Lisboa;PRT
28;El Traige do Benfica;Vitor Baiha;Lisboa;PRT
28;El Traige do Benfica;Vitor Baiha;Lisboa;PRT
28;El Traige do Benfica;Vitor Baiha;Lisboa;PRT
28;El Traige do Benfica;Vitor Baiha;Lisboa;PRT
90;Leningrad Cowboys Shop;Reijoo Haajanen;Helsinki;FIN
90;Leningrad Cowboys Shop;Reijoo Haajanen;Helsinki;FIN
90;Leningrad Cowboys Shop;Reijoo Haajanen;Helsinki;FIN
20;Ski Store;Lars Saalbach;Graz;AUT
20;Ski Store;Lars Saalbach;Graz;AUT
20;Ski Store;Lars Saalbach;Graz;AUT
20;Ski Store;Lars Saalbach;Graz;AUT
20;Ski Store;Lars Saalbach;Graz;AUT
20;Ski Store;Lars Saalbach;Graz;AUT
20;Ski Store;Lars Saalbach;Graz;AUT
20;Ski Store;Lars Saalbach;Graz;AUT
20;Ski Store;Lars Saalbach;Graz;AUT
20;Ski Store;Lars Saalbach;Graz;AUT
20;Ski Store;Lars Saalbach;Graz;AUT
54;Los Espandrilos Fantasticos;Don Gerardo;Buenos Aires;ARG
54;Los Espandrilos Fantasticos;Don Gerardo;Buenos Aires;ARG
54;Los Espandrilos Fantasticos;Don Gerardo;Buenos Aires;ARG
54;Los Espandrilos Fantasticos;Don Gerardo;Buenos Aires;ARG
54;Los Espandrilos Fantasticos;Don Gerardo;Buenos Aires;ARG
54;Los Espandrilos Fantasticos;Don Gerardo;Buenos Aires;ARG
54;Los Espandrilos Fantasticos;Don Gerardo;Buenos Aires;ARG
54;Los Espandrilos Fantasticos;Don Gerardo;Buenos Aires;ARG
54;Los Espandrilos Fantasticos;Don Gerardo;Buenos Aires;ARG
54;Los Espandrilos Fantasticos;Don Gerardo;Buenos Aires;ARG
54;Los Espandrilos Fantasticos;Don Gerardo;Buenos Aires;ARG
79;Boombastic;Heinz Disco;Münster;DEU
79;Boombastic;Heinz Disco;Münster;DEU
79;Boombastic;Heinz Disco;Münster;DEU
79;Boombastic;Heinz Disco;Münster;DEU
79;Boombastic;Heinz Disco;Münster;DEU
79;Boombastic;Heinz Disco;Münster;DEU
79;Boombastic;Heinz Disco;Münster;DEU
79;Boombastic;Heinz Disco;Münster;DEU
79;Boombastic;Heinz Disco;Münster;DEU
79;Boombastic;Heinz Disco;Münster;DEU
79;Boombastic;Heinz Disco;Münster;DEU
79;Boombastic;Heinz Disco;Münster;DEU
79;Boombastic;Heinz Disco;Münster;DEU
79;Boombastic;Heinz Disco;Münster;DEU
79;Boombastic;Heinz Disco;Münster;DEU
79;Boombastic;Heinz Disco;Münster;DEU
79;Boombastic;Heinz Disco;Münster;DEU
79;Boombastic;Heinz Disco;Münster;DEU
79;Boombastic;Heinz Disco;Münster;DEU
79;Boombastic;Heinz Disco;Münster;DEU
79;Boombastic;Heinz Disco;Münster;DEU
79;Boombastic;Heinz Disco;Münster;DEU
79;Boombastic;Heinz Disco;Münster;DEU
79;Boombastic;Heinz Disco;Münster;DEU
79;Boombastic;Heinz Disco;Münster;DEU
79;Boombastic;Heinz Disco;Münster;DEU
79;Boombastic;Heinz Disco;Münster;DEU
79;Boombastic;Heinz Disco;Münster;DEU
79;Boombastic;Heinz Disco;Münster;DEU
79;Boombastic;Heinz Disco;Münster;DEU
79;Boombastic;Heinz Disco;Münster;DEU
79;Boombastic;Heinz Disco;Münster;DEU
79;Boombastic;Heinz Disco;Münster;DEU
79;Boombastic;Heinz Disco;Münster;DEU
79;Boombastic;Heinz Disco;Münster;DEU
79;Boombastic;Heinz Disco;Münster;DEU
79;Boombastic;Heinz Disco;Münster;DEU
79;Boombastic;Heinz Disco;Münster;DEU
79;Boombastic;Heinz Disco;Münster;DEU
79;Boombastic;Heinz Disco;Münster;DEU
79;Boombastic;Heinz Disco;Münster;DEU
79;Boombastic;Heinz Disco;Münster;DEU
79;Boombastic;Heinz Disco;Münster;DEU
79;Boombastic;Heinz Disco;Münster;DEU
79;Boombastic;Heinz Disco;Münster;DEU
79;Boombastic;Heinz Disco;Münster;DEU
79;Boombastic;Heinz Disco;Münster;DEU
79;Boombastic;Heinz Disco;Münster;DEU
44;Warp AG;Klaus Deum;Frankfurt a.M.;DEU
44;Warp AG;Klaus Deum;Frankfurt a.M.;DEU
44;Warp AG;Klaus Deum;Frankfurt a.M.;DEU
44;Warp AG;Klaus Deum;Frankfurt a.M.;DEU
44;Warp AG;Klaus Deum;Frankfurt a.M.;DEU
44;Warp AG;Klaus Deum;Frankfurt a.M.;DEU
44;Warp AG;Klaus Deum;Frankfurt a.M.;DEU
44;Warp AG;Klaus Deum;Frankfurt a.M.;DEU
44;Warp AG;Klaus Deum;Frankfurt a.M.;DEU
44;Warp AG;Klaus Deum;Frankfurt a.M.;DEU
44;Warp AG;Klaus Deum;Frankfurt a.M.;DEU
44;Warp AG;Klaus Deum;Frankfurt a.M.;DEU
44;Warp AG;Klaus Deum;Frankfurt a.M.;DEU
44;Warp AG;Klaus Deum;Frankfurt a.M.;DEU
44;Warp AG;Klaus Deum;Frankfurt a.M.;DEU
44;Warp AG;Klaus Deum;Frankfurt a.M.;DEU
44;Warp AG;Klaus Deum;Frankfurt a.M.;DEU
44;Warp AG;Klaus Deum;Frankfurt a.M.;DEU
44;Warp AG;Klaus Deum;Frankfurt a.M.;DEU
44;Warp AG;Klaus Deum;Frankfurt a.M.;DEU
44;Warp AG;Klaus Deum;Frankfurt a.M.;DEU
44;Warp AG;Klaus Deum;Frankfurt a.M.;DEU
44;Warp AG;Klaus Deum;Frankfurt a.M.;DEU
44;Warp AG;Klaus Deum;Frankfurt a.M.;DEU
44;Warp AG;Klaus Deum;Frankfurt a.M.;DEU
44;Warp AG;Klaus Deum;Frankfurt a.M.;DEU
44;Warp AG;Klaus Deum;Frankfurt a.M.;DEU
44;Warp AG;Klaus Deum;Frankfurt a.M.;DEU
44;Warp AG;Klaus Deum;Frankfurt a.M.;DEU
44;Warp AG;Klaus Deum;Frankfurt a.M.;DEU
44;Warp AG;Klaus Deum;Frankfurt a.M.;DEU
44;Warp AG;Klaus Deum;Frankfurt a.M.;DEU
44;Warp AG;Klaus Deum;Frankfurt a.M.;DEU
44;Warp AG;Klaus Deum;Frankfurt a.M.;DEU
44;Warp AG;Klaus Deum;Frankfurt a.M.;DEU
44;Warp AG;Klaus Deum;Frankfurt a.M.;DEU
44;Warp AG;Klaus Deum;Frankfurt a.M.;DEU
44;Warp AG;Klaus Deum;Frankfurt a.M.;DEU
44;Warp AG;Klaus Deum;Frankfurt a.M.;DEU
44;Warp AG;Klaus Deum;Frankfurt a.M.;DEU
44;Warp AG;Klaus Deum;Frankfurt a.M.;DEU
44;Warp AG;Klaus Deum;Frankfurt a.M.;DEU
44;Warp AG;Klaus Deum;Frankfurt a.M.;DEU
44;Warp AG;Klaus Deum;Frankfurt a.M.;DEU
44;Warp AG;Klaus Deum;Frankfurt a.M.;DEU
44;Warp AG;Klaus Deum;Frankfurt a.M.;DEU
44;Warp AG;Klaus Deum;Frankfurt a.M.;DEU
44;Warp AG;Klaus Deum;Frankfurt a.M.;DEU
44;Warp AG;Klaus Deum;Frankfurt a.M.;DEU
44;Warp AG;Klaus Deum;Frankfurt a.M.;DEU
44;Warp AG;Klaus Deum;Frankfurt a.M.;DEU
44;Warp AG;Klaus Deum;Frankfurt a.M.;DEU
44;Warp AG;Klaus Deum;Frankfurt a.M.;DEU
44;Warp AG;Klaus Deum;Frankfurt a.M.;DEU
44;Warp AG;Klaus Deum;Frankfurt a.M.;DEU
44;Warp AG;Klaus Deum;Frankfurt a.M.;DEU
44;Warp AG;Klaus Deum;Frankfurt a.M.;DEU
44;Warp AG;Klaus Deum;Frankfurt a.M.;DEU
44;Warp AG;Klaus Deum;Frankfurt a.M.;DEU
44;Warp AG;Klaus Deum;Frankfurt a.M.;DEU
44;Warp AG;Klaus Deum;Frankfurt a.M.;DEU
44;Warp AG;Klaus Deum;Frankfurt a.M.;DEU
44;Warp AG;Klaus Deum;Frankfurt a.M.;DEU
44;Warp AG;Klaus Deum;Frankfurt a.M.;DEU
44;Warp AG;Klaus Deum;Frankfurt a.M.;DEU
44;Warp AG;Klaus Deum;Frankfurt a.M.;DEU
44;Warp AG;Klaus Deum;Frankfurt a.M.;DEU
44;Warp AG;Klaus Deum;Frankfurt a.M.;DEU
44;Warp AG;Klaus Deum;Frankfurt a.M.;DEU
44;Warp AG;Klaus Deum;Frankfurt a.M.;DEU
44;Warp AG;Klaus Deum;Frankfurt a.M.;DEU
44;Warp AG;Klaus Deum;Frankfurt a.M.;DEU
39;Noch Einmal GMBH;Dieter Rummernige;Brandenburg;DEU
39;Noch Einmal GMBH;Dieter Rummernige;Brandenburg;DEU
39;Noch Einmal GMBH;Dieter Rummernige;Brandenburg;DEU
39;Noch Einmal GMBH;Dieter Rummernige;Brandenburg;DEU
39;Noch Einmal GMBH;Dieter Rummernige;Brandenburg;DEU
39;Noch Einmal GMBH;Dieter Rummernige;Brandenburg;DEU
39;Noch Einmal GMBH;Dieter Rummernige;Brandenburg;DEU
39;Noch Einmal GMBH;Dieter Rummernige;Brandenburg;DEU
39;Noch Einmal GMBH;Dieter Rummernige;Brandenburg;DEU
39;Noch Einmal GMBH;Dieter Rummernige;Brandenburg;DEU
39;Noch Einmal GMBH;Dieter Rummernige;Brandenburg;DEU
39;Noch Einmal GMBH;Dieter Rummernige;Brandenburg;DEU
39;Noch Einmal GMBH;Dieter Rummernige;Brandenburg;DEU
39;Noch Einmal GMBH;Dieter Rummernige;Brandenburg;DEU
39;Noch Einmal GMBH;Dieter Rummernige;Brandenburg;DEU
39;Noch Einmal GMBH;Dieter Rummernige;Brandenburg;DEU
39;Noch Einmal GMBH;Dieter Rummernige;Brandenburg;DEU
39;Noch Einmal GMBH;Dieter Rummernige;Brandenburg;DEU
39;Noch Einmal GMBH;Dieter Rummernige;Brandenburg;DEU
39;Noch Einmal GMBH;Dieter Rummernige;Brandenburg;DEU
39;Noch Einmal GMBH;Dieter Rummernige;Brandenburg;DEU
39;Noch Einmal GMBH;Dieter Rummernige;Brandenburg;DEU
39;Noch Einmal GMBH;Dieter Rummernige;Brandenburg;DEU
39;Noch Einmal GMBH;Dieter Rummernige;Brandenburg;DEU
39;Noch Einmal GMBH;Dieter Rummernige;Brandenburg;DEU
39;Noch Einmal GMBH;Dieter Rummernige;Brandenburg;DEU
39;Noch Einmal GMBH;Dieter Rummernige;Brandenburg;DEU
39;Noch Einmal GMBH;Dieter Rummernige;Brandenburg;DEU
39;Noch Einmal GMBH;Dieter Rummernige;Brandenburg;DEU
39;Noch Einmal GMBH;Dieter Rummernige;Brandenburg;DEU
39;Noch Einmal GMBH;Dieter Rummernige;Brandenburg;DEU
39;Noch Einmal GMBH;Dieter Rummernige;Brandenburg;DEU
39;Noch Einmal GMBH;Dieter Rummernige;Brandenburg;DEU
39;Noch Einmal GMBH;Dieter Rummernige;Brandenburg;DEU
39;Noch Einmal GMBH;Dieter Rummernige;Brandenburg;DEU
39;Noch Einmal GMBH;Dieter Rummernige;Brandenburg;DEU
39;Noch Einmal GMBH;Dieter Rummernige;Brandenburg;DEU
39;Noch Einmal GMBH;Dieter Rummernige;Brandenburg;DEU
39;Noch Einmal GMBH;Dieter Rummernige;Brandenburg;DEU
56;Casual Clothing;Herman Schlusse;Köln;DEU
56;Casual Clothing;Herman Schlusse;Köln;DEU
56;Casual Clothing;Herman Schlusse;Köln;DEU
56;Casual Clothing;Herman Schlusse;Köln;DEU
56;Casual Clothing;Herman Schlusse;Köln;DEU
56;Casual Clothing;Herman Schlusse;Köln;DEU
56;Casual Clothing;Herman Schlusse;Köln;DEU
56;Casual Clothing;Herman Schlusse;Köln;DEU
56;Casual Clothing;Herman Schlusse;Köln;DEU
56;Casual Clothing;Herman Schlusse;Köln;DEU
56;Casual Clothing;Herman Schlusse;Köln;DEU
56;Casual Clothing;Herman Schlusse;Köln;DEU
56;Casual Clothing;Herman Schlusse;Köln;DEU
56;Casual Clothing;Herman Schlusse;Köln;DEU
56;Casual Clothing;Herman Schlusse;Köln;DEU
56;Casual Clothing;Herman Schlusse;Köln;DEU
56;Casual Clothing;Herman Schlusse;Köln;DEU
56;Casual Clothing;Herman Schlusse;Köln;DEU
56;Casual Clothing;Herman Schlusse;Köln;DEU
56;Casual Clothing;Herman Schlusse;Köln;DEU
56;Casual Clothing;Herman Schlusse;Köln;DEU
56;Casual Clothing;Herman Schlusse;Köln;DEU
56;Casual Clothing;Herman Schlusse;Köln;DEU
56;Casual Clothing;Herman Schlusse;Köln;DEU
56;Casual Clothing;Herman Schlusse;Köln;DEU
56;Casual Clothing;Herman Schlusse;Köln;DEU
56;Casual Clothing;Herman Schlusse;Köln;DEU
56;Casual Clothing;Herman Schlusse;Köln;DEU
56;Casual Clothing;Herman Schlusse;Köln;DEU
1;Eintrach GS;Albert von Einstein;Berlin;DEU
1;Eintrach GS;Albert von Einstein;Berlin;DEU
1;Eintrach GS;Albert von Einstein;Berlin;DEU
1;Eintrach GS;Albert von Einstein;Berlin;DEU
1;Eintrach GS;Albert von Einstein;Berlin;DEU
1;Eintrach GS;Albert von Einstein;Berlin;DEU
1;Eintrach GS;Albert von Einstein;Berlin;DEU
1;Eintrach GS;Albert von Einstein;Berlin;DEU
1;Eintrach GS;Albert von Einstein;Berlin;DEU
1;Eintrach GS;Albert von Einstein;Berlin;DEU
1;Eintrach GS;Albert von Einstein;Berlin;DEU
1;Eintrach GS;Albert von Einstein;Berlin;DEU
1;Eintrach GS;Albert von Einstein;Berlin;DEU
1;Eintrach GS;Albert von Einstein;Berlin;DEU
1;Eintrach GS;Albert von Einstein;Berlin;DEU
1;Eintrach GS;Albert von Einstein;Berlin;DEU
1;Eintrach GS;Albert von Einstein;Berlin;DEU
1;Eintrach GS;Albert von Einstein;Berlin;DEU
1;Eintrach GS;Albert von Einstein;Berlin;DEU
1;Eintrach GS;Albert von Einstein;Berlin;DEU
1;Eintrach GS;Albert von Einstein;Berlin;DEU
1;Eintrach GS;Albert von Einstein;Berlin;DEU
1;Eintrach GS;Albert von Einstein;Berlin;DEU
1;Eintrach GS;Albert von Einstein;Berlin;DEU
1;Eintrach GS;Albert von Einstein;Berlin;DEU
1;Eintrach GS;Albert von Einstein;Berlin;DEU
1;Eintrach GS;Albert von Einstein;Berlin;DEU
1;Eintrach GS;Albert von Einstein;Berlin;DEU
1;Eintrach GS;Albert von Einstein;Berlin;DEU
1;Eintrach GS;Albert von Einstein;Berlin;DEU
1;Eintrach GS;Albert von Einstein;Berlin;DEU
1;Eintrach GS;Albert von Einstein;Berlin;DEU
1;Eintrach GS;Albert von Einstein;Berlin;DEU
1;Eintrach GS;Albert von Einstein;Berlin;DEU
1;Eintrach GS;Albert von Einstein;Berlin;DEU
1;Eintrach GS;Albert von Einstein;Berlin;DEU
1;Eintrach GS;Albert von Einstein;Berlin;DEU
1;Eintrach GS;Albert von Einstein;Berlin;DEU
1;Eintrach GS;Albert von Einstein;Berlin;DEU
1;Eintrach GS;Albert von Einstein;Berlin;DEU
1;Eintrach GS;Albert von Einstein;Berlin;DEU
1;Eintrach GS;Albert von Einstein;Berlin;DEU
1;Eintrach GS;Albert von Einstein;Berlin;DEU
1;Eintrach GS;Albert von Einstein;Berlin;DEU
1;Eintrach GS;Albert von Einstein;Berlin;DEU
1;Eintrach GS;Albert von Einstein;Berlin;DEU
1;Eintrach GS;Albert von Einstein;Berlin;DEU
1;Eintrach GS;Albert von Einstein;Berlin;DEU
1;Eintrach GS;Albert von Einstein;Berlin;DEU
1;Eintrach GS;Albert von Einstein;Berlin;DEU
1;Eintrach GS;Albert von Einstein;Berlin;DEU
1;Eintrach GS;Albert von Einstein;Berlin;DEU
1;Eintrach GS;Albert von Einstein;Berlin;DEU
1;Eintrach GS;Albert von Einstein;Berlin;DEU
1;Eintrach GS;Albert von Einstein;Berlin;DEU
1;Eintrach GS;Albert von Einstein;Berlin;DEU
1;Eintrach GS;Albert von Einstein;Berlin;DEU
1;Eintrach GS;Albert von Einstein;Berlin;DEU
1;Eintrach GS;Albert von Einstein;Berlin;DEU
1;Eintrach GS;Albert von Einstein;Berlin;DEU
1;Eintrach GS;Albert von Einstein;Berlin;DEU
1;Eintrach GS;Albert von Einstein;Berlin;DEU
1;Eintrach GS;Albert von Einstein;Berlin;DEU
1;Eintrach GS;Albert von Einstein;Berlin;DEU
1;Eintrach GS;Albert von Einstein;Berlin;DEU
1;Eintrach GS;Albert von Einstein;Berlin;DEU
1;Eintrach GS;Albert von Einstein;Berlin;DEU
1;Eintrach GS;Albert von Einstein;Berlin;DEU
1;Eintrach GS;Albert von Einstein;Berlin;DEU
1;Eintrach GS;Albert von Einstein;Berlin;DEU
1;Eintrach GS;Albert von Einstein;Berlin;DEU
1;Eintrach GS;Albert von Einstein;Berlin;DEU
1;Eintrach GS;Albert von Einstein;Berlin;DEU
1;Eintrach GS;Albert von Einstein;Berlin;DEU
1;Eintrach GS;Albert von Einstein;Berlin;DEU
1;Eintrach GS;Albert von Einstein;Berlin;DEU
1;Eintrach GS;Albert von Einstein;Berlin;DEU
1;Eintrach GS;Albert von Einstein;Berlin;DEU
1;Eintrach GS;Albert von Einstein;Berlin;DEU
1;Eintrach GS;Albert von Einstein;Berlin;DEU
1;Eintrach GS;Albert von Einstein;Berlin;DEU
1;Eintrach GS;Albert von Einstein;Berlin;DEU
75;Macalena;Paul Smith;Lander;USA
75;Macalena;Paul Smith;Lander;USA
75;Macalena;Paul Smith;Lander;USA
75;Macalena;Paul Smith;Lander;USA
75;Macalena;Paul Smith;Lander;USA
75;Macalena;Paul Smith;Lander;USA
75;Macalena;Paul Smith;Lander;USA
75;Macalena;Paul Smith;Lander;USA
75;Macalena;Paul Smith;Lander;USA
75;Macalena;Paul Smith;Lander;USA
75;Macalena;Paul Smith;Lander;USA
75;Macalena;Paul Smith;Lander;USA
12;Los Pantalones Magicos;Victoria Abril;Buenos Aires;ARG
12;Los Pantalones Magicos;Victoria Abril;Buenos Aires;ARG
12;Los Pantalones Magicos;Victoria Abril;Buenos Aires;ARG
12;Los Pantalones Magicos;Victoria Abril;Buenos Aires;ARG
12;Los Pantalones Magicos;Victoria Abril;Buenos Aires;ARG
12;Los Pantalones Magicos;Victoria Abril;Buenos Aires;ARG
12;Los Pantalones Magicos;Victoria Abril;Buenos Aires;ARG
12;Los Pantalones Magicos;Victoria Abril;Buenos Aires;ARG
12;Los Pantalones Magicos;Victoria Abril;Buenos Aires;ARG
12;Los Pantalones Magicos;Victoria Abril;Buenos Aires;ARG
12;Los Pantalones Magicos;Victoria Abril;Buenos Aires;ARG
29;El Chandal del Barca;Jusep del pep;Barcelona;ESP
29;El Chandal del Barca;Jusep del pep;Barcelona;ESP
29;El Chandal del Barca;Jusep del pep;Barcelona;ESP
29;El Chandal del Barca;Jusep del pep;Barcelona;ESP
29;El Chandal del Barca;Jusep del pep;Barcelona;ESP
29;El Chandal del Barca;Jusep del pep;Barcelona;ESP
29;El Chandal del Barca;Jusep del pep;Barcelona;ESP
29;El Chandal del Barca;Jusep del pep;Barcelona;ESP
61;Copacabana;Giovanni Santhos;Rio de Janeiro;BRA
61;Copacabana;Giovanni Santhos;Rio de Janeiro;BRA
61;Copacabana;Giovanni Santhos;Rio de Janeiro;BRA
61;Copacabana;Giovanni Santhos;Rio de Janeiro;BRA
61;Copacabana;Giovanni Santhos;Rio de Janeiro;BRA
61;Copacabana;Giovanni Santhos;Rio de Janeiro;BRA
61;Copacabana;Giovanni Santhos;Rio de Janeiro;BRA
61;Copacabana;Giovanni Santhos;Rio de Janeiro;BRA
61;Copacabana;Giovanni Santhos;Rio de Janeiro;BRA
61;Copacabana;Giovanni Santhos;Rio de Janeiro;BRA
61;Copacabana;Giovanni Santhos;Rio de Janeiro;BRA
61;Copacabana;Giovanni Santhos;Rio de Janeiro;BRA
61;Copacabana;Giovanni Santhos;Rio de Janeiro;BRA
61;Copacabana;Giovanni Santhos;Rio de Janeiro;BRA
61;Copacabana;Giovanni Santhos;Rio de Janeiro;BRA
61;Copacabana;Giovanni Santhos;Rio de Janeiro;BRA
61;Copacabana;Giovanni Santhos;Rio de Janeiro;BRA
61;Copacabana;Giovanni Santhos;Rio de Janeiro;BRA
61;Copacabana;Giovanni Santhos;Rio de Janeiro;BRA
61;Copacabana;Giovanni Santhos;Rio de Janeiro;BRA
88;Da Santho Cosmethia;Mariah Erdi;Resende;BRA
34;El Carnevale;Joe do Pintho;Rio de Janeiro;BRA
34;El Carnevale;Joe do Pintho;Rio de Janeiro;BRA
34;El Carnevale;Joe do Pintho;Rio de Janeiro;BRA
34;El Carnevale;Joe do Pintho;Rio de Janeiro;BRA
34;El Carnevale;Joe do Pintho;Rio de Janeiro;BRA
34;El Carnevale;Joe do Pintho;Rio de Janeiro;BRA
34;El Carnevale;Joe do Pintho;Rio de Janeiro;BRA
34;El Carnevale;Joe do Pintho;Rio de Janeiro;BRA
34;El Carnevale;Joe do Pintho;Rio de Janeiro;BRA
34;El Carnevale;Joe do Pintho;Rio de Janeiro;BRA
34;El Carnevale;Joe do Pintho;Rio de Janeiro;BRA
34;El Carnevale;Joe do Pintho;Rio de Janeiro;BRA
34;El Carnevale;Joe do Pintho;Rio de Janeiro;BRA
34;El Carnevale;Joe do Pintho;Rio de Janeiro;BRA
34;El Carnevale;Joe do Pintho;Rio de Janeiro;BRA
34;El Carnevale;Joe do Pintho;Rio de Janeiro;BRA
34;El Carnevale;Joe do Pintho;Rio de Janeiro;BRA
34;El Carnevale;Joe do Pintho;Rio de Janeiro;BRA
34;El Carnevale;Joe do Pintho;Rio de Janeiro;BRA
34;El Carnevale;Joe do Pintho;Rio de Janeiro;BRA
34;El Carnevale;Joe do Pintho;Rio de Janeiro;BRA
34;El Carnevale;Joe do Pintho;Rio de Janeiro;BRA
34;El Carnevale;Joe do Pintho;Rio de Janeiro;BRA
34;El Carnevale;Joe do Pintho;Rio de Janeiro;BRA
34;El Carnevale;Joe do Pintho;Rio de Janeiro;BRA
34;El Carnevale;Joe do Pintho;Rio de Janeiro;BRA
34;El Carnevale;Joe do Pintho;Rio de Janeiro;BRA
34;El Carnevale;Joe do Pintho;Rio de Janeiro;BRA
34;El Carnevale;Joe do Pintho;Rio de Janeiro;BRA
34;El Carnevale;Joe do Pintho;Rio de Janeiro;BRA
34;El Carnevale;Joe do Pintho;Rio de Janeiro;BRA
34;El Carnevale;Joe do Pintho;Rio de Janeiro;BRA
21;Cloe do Pau;Romario do Sauza;São Paulo;BRA
21;Cloe do Pau;Romario do Sauza;São Paulo;BRA
21;Cloe do Pau;Romario do Sauza;São Paulo;BRA
21;Cloe do Pau;Romario do Sauza;São Paulo;BRA
21;Cloe do Pau;Romario do Sauza;São Paulo;BRA
21;Cloe do Pau;Romario do Sauza;São Paulo;BRA
21;Cloe do Pau;Romario do Sauza;São Paulo;BRA
21;Cloe do Pau;Romario do Sauza;São Paulo;BRA
21;Cloe do Pau;Romario do Sauza;São Paulo;BRA
21;Cloe do Pau;Romario do Sauza;São Paulo;BRA
21;Cloe do Pau;Romario do Sauza;São Paulo;BRA
21;Cloe do Pau;Romario do Sauza;São Paulo;BRA
21;Cloe do Pau;Romario do Sauza;São Paulo;BRA
21;Cloe do Pau;Romario do Sauza;São Paulo;BRA
21;Cloe do Pau;Romario do Sauza;São Paulo;BRA
21;Cloe do Pau;Romario do Sauza;São Paulo;BRA
21;Cloe do Pau;Romario do Sauza;São Paulo;BRA
21;Cloe do Pau;Romario do Sauza;São Paulo;BRA
21;Cloe do Pau;Romario do Sauza;São Paulo;BRA
50;De la Vita;Marco Van Deum;Bruxelles;BEL
50;De la Vita;Marco Van Deum;Bruxelles;BEL
50;De la Vita;Marco Van Deum;Bruxelles;BEL
50;De la Vita;Marco Van Deum;Bruxelles;BEL
50;De la Vita;Marco Van Deum;Bruxelles;BEL
50;De la Vita;Marco Van Deum;Bruxelles;BEL
50;De la Vita;Marco Van Deum;Bruxelles;BEL
50;De la Vita;Marco Van Deum;Bruxelles;BEL
50;De la Vita;Marco Van Deum;Bruxelles;BEL
50;De la Vita;Marco Van Deum;Bruxelles;BEL
53;Fawtly Towers;John Cleez;London;GBR
53;Fawtly Towers;John Cleez;London;GBR
53;Fawtly Towers;John Cleez;London;GBR
66;Sport Shop;Anna Bella;Reggio Emilia;ITA
66;Sport Shop;Anna Bella;Reggio Emilia;ITA
66;Sport Shop;Anna Bella;Reggio Emilia;ITA
66;Sport Shop;Anna Bella;Reggio Emilia;ITA
66;Sport Shop;Anna Bella;Reggio Emilia;ITA
66;Sport Shop;Anna Bella;Reggio Emilia;ITA
63;Grunewald;George Essen;Cunewalde;DEU
63;Grunewald;George Essen;Cunewalde;DEU
63;Grunewald;George Essen;Cunewalde;DEU
63;Grunewald;George Essen;Cunewalde;DEU
63;Grunewald;George Essen;Cunewalde;DEU
63;Grunewald;George Essen;Cunewalde;DEU
63;Grunewald;George Essen;Cunewalde;DEU
63;Grunewald;George Essen;Cunewalde;DEU
63;Grunewald;George Essen;Cunewalde;DEU
63;Grunewald;George Essen;Cunewalde;DEU
63;Grunewald;George Essen;Cunewalde;DEU
63;Grunewald;George Essen;Cunewalde;DEU
63;Grunewald;George Essen;Cunewalde;DEU
63;Grunewald;George Essen;Cunewalde;DEU
63;Grunewald;George Essen;Cunewalde;DEU
63;Grunewald;George Essen;Cunewalde;DEU
63;Grunewald;George Essen;Cunewalde;DEU
63;Grunewald;George Essen;Cunewalde;DEU
63;Grunewald;George Essen;Cunewalde;DEU
63;Grunewald;George Essen;Cunewalde;DEU
63;Grunewald;George Essen;Cunewalde;DEU
63;Grunewald;George Essen;Cunewalde;DEU
63;Grunewald;George Essen;Cunewalde;DEU
63;Grunewald;George Essen;Cunewalde;DEU
63;Grunewald;George Essen;Cunewalde;DEU
63;Grunewald;George Essen;Cunewalde;DEU
63;Grunewald;George Essen;Cunewalde;DEU
63;Grunewald;George Essen;Cunewalde;DEU
63;Grunewald;George Essen;Cunewalde;DEU
63;Grunewald;George Essen;Cunewalde;DEU
63;Grunewald;George Essen;Cunewalde;DEU
63;Grunewald;George Essen;Cunewalde;DEU
63;Grunewald;George Essen;Cunewalde;DEU
63;Grunewald;George Essen;Cunewalde;DEU
63;Grunewald;George Essen;Cunewalde;DEU
63;Grunewald;George Essen;Cunewalde;DEU
63;Grunewald;George Essen;Cunewalde;DEU
63;Grunewald;George Essen;Cunewalde;DEU
63;Grunewald;George Essen;Cunewalde;DEU
63;Grunewald;George Essen;Cunewalde;DEU
63;Grunewald;George Essen;Cunewalde;DEU
63;Grunewald;George Essen;Cunewalde;DEU
63;Grunewald;George Essen;Cunewalde;DEU
63;Grunewald;George Essen;Cunewalde;DEU
63;Grunewald;George Essen;Cunewalde;DEU
63;Grunewald;George Essen;Cunewalde;DEU
63;Grunewald;George Essen;Cunewalde;DEU
63;Grunewald;George Essen;Cunewalde;DEU
63;Grunewald;George Essen;Cunewalde;DEU
63;Grunewald;George Essen;Cunewalde;DEU
63;Grunewald;George Essen;Cunewalde;DEU
63;Grunewald;George Essen;Cunewalde;DEU
63;Grunewald;George Essen;Cunewalde;DEU
63;Grunewald;George Essen;Cunewalde;DEU
63;Grunewald;George Essen;Cunewalde;DEU
63;Grunewald;George Essen;Cunewalde;DEU
63;Grunewald;George Essen;Cunewalde;DEU
63;Grunewald;George Essen;Cunewalde;DEU
63;Grunewald;George Essen;Cunewalde;DEU
63;Grunewald;George Essen;Cunewalde;DEU
63;Grunewald;George Essen;Cunewalde;DEU
63;Grunewald;George Essen;Cunewalde;DEU
63;Grunewald;George Essen;Cunewalde;DEU
63;Grunewald;George Essen;Cunewalde;DEU
63;Grunewald;George Essen;Cunewalde;DEU
63;Grunewald;George Essen;Cunewalde;DEU
63;Grunewald;George Essen;Cunewalde;DEU
63;Grunewald;George Essen;Cunewalde;DEU
63;Grunewald;George Essen;Cunewalde;DEU
63;Grunewald;George Essen;Cunewalde;DEU
63;Grunewald;George Essen;Cunewalde;DEU
63;Grunewald;George Essen;Cunewalde;DEU
63;Grunewald;George Essen;Cunewalde;DEU
63;Grunewald;George Essen;Cunewalde;DEU
63;Grunewald;George Essen;Cunewalde;DEU
63;Grunewald;George Essen;Cunewalde;DEU
63;Grunewald;George Essen;Cunewalde;DEU
63;Grunewald;George Essen;Cunewalde;DEU
63;Grunewald;George Essen;Cunewalde;DEU
63;Grunewald;George Essen;Cunewalde;DEU
63;Grunewald;George Essen;Cunewalde;DEU
63;Grunewald;George Essen;Cunewalde;DEU
63;Grunewald;George Essen;Cunewalde;DEU
63;Grunewald;George Essen;Cunewalde;DEU
63;Grunewald;George Essen;Cunewalde;DEU
63;Grunewald;George Essen;Cunewalde;DEU
63;Grunewald;George Essen;Cunewalde;DEU
63;Grunewald;George Essen;Cunewalde;DEU
63;Grunewald;George Essen;Cunewalde;DEU
63;Grunewald;George Essen;Cunewalde;DEU
63;Grunewald;George Essen;Cunewalde;DEU
63;Grunewald;George Essen;Cunewalde;DEU
63;Grunewald;George Essen;Cunewalde;DEU
63;Grunewald;George Essen;Cunewalde;DEU
63;Grunewald;George Essen;Cunewalde;DEU
63;Grunewald;George Essen;Cunewalde;DEU
63;Grunewald;George Essen;Cunewalde;DEU
63;Grunewald;George Essen;Cunewalde;DEU
63;Grunewald;George Essen;Cunewalde;DEU
63;Grunewald;George Essen;Cunewalde;DEU
63;Grunewald;George Essen;Cunewalde;DEU
63;Grunewald;George Essen;Cunewalde;DEU
63;Grunewald;George Essen;Cunewalde;DEU
63;Grunewald;George Essen;Cunewalde;DEU
63;Grunewald;George Essen;Cunewalde;DEU
63;Grunewald;George Essen;Cunewalde;DEU
87;Perkii Urkii;Miiko Heikillä;Oulu;FIN
87;Perkii Urkii;Miiko Heikillä;Oulu;FIN
87;Perkii Urkii;Miiko Heikillä;Oulu;FIN
87;Perkii Urkii;Miiko Heikillä;Oulu;FIN
87;Perkii Urkii;Miiko Heikillä;Oulu;FIN
87;Perkii Urkii;Miiko Heikillä;Oulu;FIN
87;Perkii Urkii;Miiko Heikillä;Oulu;FIN
87;Perkii Urkii;Miiko Heikillä;Oulu;FIN
87;Perkii Urkii;Miiko Heikillä;Oulu;FIN
87;Perkii Urkii;Miiko Heikillä;Oulu;FIN
87;Perkii Urkii;Miiko Heikillä;Oulu;FIN
87;Perkii Urkii;Miiko Heikillä;Oulu;FIN
87;Perkii Urkii;Miiko Heikillä;Oulu;FIN
91;Slotzy Danz;Boniekk Wallessa;Warszawa;POL
91;Slotzy Danz;Boniekk Wallessa;Warszawa;POL
91;Slotzy Danz;Boniekk Wallessa;Warszawa;POL
91;Slotzy Danz;Boniekk Wallessa;Warszawa;POL
91;Slotzy Danz;Boniekk Wallessa;Warszawa;POL
91;Slotzy Danz;Boniekk Wallessa;Warszawa;POL
91;Slotzy Danz;Boniekk Wallessa;Warszawa;POL
91;Slotzy Danz;Boniekk Wallessa;Warszawa;POL
91;Slotzy Danz;Boniekk Wallessa;Warszawa;POL
91;Slotzy Danz;Boniekk Wallessa;Warszawa;POL
91;Slotzy Danz;Boniekk Wallessa;Warszawa;POL
91;Slotzy Danz;Boniekk Wallessa;Warszawa;POL
91;Slotzy Danz;Boniekk Wallessa;Warszawa;POL
91;Slotzy Danz;Boniekk Wallessa;Warszawa;POL
91;Slotzy Danz;Boniekk Wallessa;Warszawa;POL
91;Slotzy Danz;Boniekk Wallessa;Warszawa;POL
49;La Moda d'il Futuri;Luca Brassi;Bergamo;ITA
49;La Moda d'il Futuri;Luca Brassi;Bergamo;ITA
49;La Moda d'il Futuri;Luca Brassi;Bergamo;ITA
49;La Moda d'il Futuri;Luca Brassi;Bergamo;ITA
49;La Moda d'il Futuri;Luca Brassi;Bergamo;ITA
49;La Moda d'il Futuri;Luca Brassi;Bergamo;ITA
49;La Moda d'il Futuri;Luca Brassi;Bergamo;ITA
49;La Moda d'il Futuri;Luca Brassi;Bergamo;ITA
49;La Moda d'il Futuri;Luca Brassi;Bergamo;ITA
49;La Moda d'il Futuri;Luca Brassi;Bergamo;ITA
49;La Moda d'il Futuri;Luca Brassi;Bergamo;ITA
49;La Moda d'il Futuri;Luca Brassi;Bergamo;ITA
49;La Moda d'il Futuri;Luca Brassi;Bergamo;ITA
49;La Moda d'il Futuri;Luca Brassi;Bergamo;ITA
49;La Moda d'il Futuri;Luca Brassi;Bergamo;ITA
49;La Moda d'il Futuri;Luca Brassi;Bergamo;ITA
49;La Moda d'il Futuri;Luca Brassi;Bergamo;ITA
49;La Moda d'il Futuri;Luca Brassi;Bergamo;ITA
49;La Moda d'il Futuri;Luca Brassi;Bergamo;ITA
27;Il Pantaloni di la Cammorra;Don Corleone;Torino;ITA
27;Il Pantaloni di la Cammorra;Don Corleone;Torino;ITA
27;Il Pantaloni di la Cammorra;Don Corleone;Torino;ITA
27;Il Pantaloni di la Cammorra;Don Corleone;Torino;ITA
27;Il Pantaloni di la Cammorra;Don Corleone;Torino;ITA
27;Il Pantaloni di la Cammorra;Don Corleone;Torino;ITA
27;Il Pantaloni di la Cammorra;Don Corleone;Torino;ITA
27;Il Pantaloni di la Cammorra;Don Corleone;Torino;ITA
27;Il Pantaloni di la Cammorra;Don Corleone;Torino;ITA
27;Il Pantaloni di la Cammorra;Don Corleone;Torino;ITA
73;Rode & Vite;Preben Elkjaer;København;DNK
73;Rode & Vite;Preben Elkjaer;København;DNK
73;Rode & Vite;Preben Elkjaer;København;DNK
73;Rode & Vite;Preben Elkjaer;København;DNK
73;Rode & Vite;Preben Elkjaer;København;DNK
73;Rode & Vite;Preben Elkjaer;København;DNK
73;Rode & Vite;Preben Elkjaer;København;DNK
73;Rode & Vite;Preben Elkjaer;København;DNK
73;Rode & Vite;Preben Elkjaer;København;DNK
73;Rode & Vite;Preben Elkjaer;København;DNK
73;Rode & Vite;Preben Elkjaer;København;DNK
73;Rode & Vite;Preben Elkjaer;København;DNK
73;Rode & Vite;Preben Elkjaer;København;DNK
73;Rode & Vite;Preben Elkjaer;København;DNK
73;Rode & Vite;Preben Elkjaer;København;DNK
73;Rode & Vite;Preben Elkjaer;København;DNK
73;Rode & Vite;Preben Elkjaer;København;DNK
73;Rode & Vite;Preben Elkjaer;København;DNK
73;Rode & Vite;Preben Elkjaer;København;DNK
73;Rode & Vite;Preben Elkjaer;København;DNK
73;Rode & Vite;Preben Elkjaer;København;DNK
73;Rode & Vite;Preben Elkjaer;København;DNK
73;Rode & Vite;Preben Elkjaer;København;DNK
73;Rode & Vite;Preben Elkjaer;København;DNK
73;Rode & Vite;Preben Elkjaer;København;DNK
73;Rode & Vite;Preben Elkjaer;København;DNK
73;Rode & Vite;Preben Elkjaer;København;DNK
73;Rode & Vite;Preben Elkjaer;København;DNK
73;Rode & Vite;Preben Elkjaer;København;DNK
73;Rode & Vite;Preben Elkjaer;København;DNK
73;Rode & Vite;Preben Elkjaer;København;DNK
73;Rode & Vite;Preben Elkjaer;København;DNK
73;Rode & Vite;Preben Elkjaer;København;DNK
73;Rode & Vite;Preben Elkjaer;København;DNK
73;Rode & Vite;Preben Elkjaer;København;DNK
73;Rode & Vite;Preben Elkjaer;København;DNK
73;Rode & Vite;Preben Elkjaer;København;DNK
73;Rode & Vite;Preben Elkjaer;København;DNK
73;Rode & Vite;Preben Elkjaer;København;DNK
73;Rode & Vite;Preben Elkjaer;København;DNK
73;Rode & Vite;Preben Elkjaer;København;DNK
73;Rode & Vite;Preben Elkjaer;København;DNK
73;Rode & Vite;Preben Elkjaer;København;DNK
73;Rode & Vite;Preben Elkjaer;København;DNK
73;Rode & Vite;Preben Elkjaer;København;DNK
73;Rode & Vite;Preben Elkjaer;København;DNK
73;Rode & Vite;Preben Elkjaer;København;DNK
73;Rode & Vite;Preben Elkjaer;København;DNK
73;Rode & Vite;Preben Elkjaer;København;DNK
73;Rode & Vite;Preben Elkjaer;København;DNK
73;Rode & Vite;Preben Elkjaer;København;DNK
73;Rode & Vite;Preben Elkjaer;København;DNK
73;Rode & Vite;Preben Elkjaer;København;DNK
73;Rode & Vite;Preben Elkjaer;København;DNK
73;Rode & Vite;Preben Elkjaer;København;DNK
73;Rode & Vite;Preben Elkjaer;København;DNK
73;Rode & Vite;Preben Elkjaer;København;DNK
73;Rode & Vite;Preben Elkjaer;København;DNK
73;Rode & Vite;Preben Elkjaer;København;DNK
73;Rode & Vite;Preben Elkjaer;København;DNK
73;Rode & Vite;Preben Elkjaer;København;DNK
73;Rode & Vite;Preben Elkjaer;København;DNK
73;Rode & Vite;Preben Elkjaer;København;DNK
73;Rode & Vite;Preben Elkjaer;København;DNK
73;Rode & Vite;Preben Elkjaer;København;DNK
73;Rode & Vite;Preben Elkjaer;København;DNK
73;Rode & Vite;Preben Elkjaer;København;DNK
73;Rode & Vite;Preben Elkjaer;København;DNK
73;Rode & Vite;Preben Elkjaer;København;DNK
73;Rode & Vite;Preben Elkjaer;København;DNK
73;Rode & Vite;Preben Elkjaer;København;DNK
73;Rode & Vite;Preben Elkjaer;København;DNK
73;Rode & Vite;Preben Elkjaer;København;DNK
73;Rode & Vite;Preben Elkjaer;København;DNK
73;Rode & Vite;Preben Elkjaer;København;DNK
73;Rode & Vite;Preben Elkjaer;København;DNK
73;Rode & Vite;Preben Elkjaer;København;DNK
73;Rode & Vite;Preben Elkjaer;København;DNK
73;Rode & Vite;Preben Elkjaer;København;DNK
73;Rode & Vite;Preben Elkjaer;København;DNK
73;Rode & Vite;Preben Elkjaer;København;DNK
73;Rode & Vite;Preben Elkjaer;København;DNK
73;Rode & Vite;Preben Elkjaer;København;DNK
73;Rode & Vite;Preben Elkjaer;København;DNK
73;Rode & Vite;Preben Elkjaer;København;DNK
73;Rode & Vite;Preben Elkjaer;København;DNK
73;Rode & Vite;Preben Elkjaer;København;DNK
73;Rode & Vite;Preben Elkjaer;København;DNK
73;Rode & Vite;Preben Elkjaer;København;DNK
73;Rode & Vite;Preben Elkjaer;København;DNK
73;Rode & Vite;Preben Elkjaer;København;DNK
73;Rode & Vite;Preben Elkjaer;København;DNK
17;Gluderstedt;Lars von Holstein;Aachen;DEU
17;Gluderstedt;Lars von Holstein;Aachen;DEU
17;Gluderstedt;Lars von Holstein;Aachen;DEU
17;Gluderstedt;Lars von Holstein;Aachen;DEU
17;Gluderstedt;Lars von Holstein;Aachen;DEU
17;Gluderstedt;Lars von Holstein;Aachen;DEU
17;Gluderstedt;Lars von Holstein;Aachen;DEU
17;Gluderstedt;Lars von Holstein;Aachen;DEU
17;Gluderstedt;Lars von Holstein;Aachen;DEU
17;Gluderstedt;Lars von Holstein;Aachen;DEU
17;Gluderstedt;Lars von Holstein;Aachen;DEU
17;Gluderstedt;Lars von Holstein;Aachen;DEU
17;Gluderstedt;Lars von Holstein;Aachen;DEU
17;Gluderstedt;Lars von Holstein;Aachen;DEU
17;Gluderstedt;Lars von Holstein;Aachen;DEU
17;Gluderstedt;Lars von Holstein;Aachen;DEU
17;Gluderstedt;Lars von Holstein;Aachen;DEU
17;Gluderstedt;Lars von Holstein;Aachen;DEU
17;Gluderstedt;Lars von Holstein;Aachen;DEU
17;Gluderstedt;Lars von Holstein;Aachen;DEU
17;Gluderstedt;Lars von Holstein;Aachen;DEU
17;Gluderstedt;Lars von Holstein;Aachen;DEU
17;Gluderstedt;Lars von Holstein;Aachen;DEU
17;Gluderstedt;Lars von Holstein;Aachen;DEU
17;Gluderstedt;Lars von Holstein;Aachen;DEU
17;Gluderstedt;Lars von Holstein;Aachen;DEU
17;Gluderstedt;Lars von Holstein;Aachen;DEU
17;Gluderstedt;Lars von Holstein;Aachen;DEU
17;Gluderstedt;Lars von Holstein;Aachen;DEU
17;Gluderstedt;Lars von Holstein;Aachen;DEU
17;Gluderstedt;Lars von Holstein;Aachen;DEU
17;Gluderstedt;Lars von Holstein;Aachen;DEU
17;Gluderstedt;Lars von Holstein;Aachen;DEU
17;Gluderstedt;Lars von Holstein;Aachen;DEU
17;Gluderstedt;Lars von Holstein;Aachen;DEU
17;Gluderstedt;Lars von Holstein;Aachen;DEU
17;Gluderstedt;Lars von Holstein;Aachen;DEU
17;Gluderstedt;Lars von Holstein;Aachen;DEU
17;Gluderstedt;Lars von Holstein;Aachen;DEU
17;Gluderstedt;Lars von Holstein;Aachen;DEU
17;Gluderstedt;Lars von Holstein;Aachen;DEU
17;Gluderstedt;Lars von Holstein;Aachen;DEU
17;Gluderstedt;Lars von Holstein;Aachen;DEU
17;Gluderstedt;Lars von Holstein;Aachen;DEU
17;Gluderstedt;Lars von Holstein;Aachen;DEU
